<<<<<<< HEAD
DSA,DBMS,OS,CN,Mathmetics,Aptitute,Comm,Problem Solving,Creative,Hackathons,Skill 1,Skill 2,Profile
67,82,77,40,19,40,48,6,9,9,JavaScript,HTML/CSS,Web Developer
22,45,89,75,8,36,54,2,8,3,HTML/CSS,Photoshop,UI/UX
34,45,39,49,24,36,62,4,8,4,Photoshop,GitHub,UI/UX
73,46,81,89,72,79,78,6,6,1,Cisco Packet Tracer,Wireshark,Network Engineer
32,22,51,39,23,17,81,4,10,5,JavaScript,Photoshop,UI/UX
73,82,66,62,93,79,61,7,6,1,PyTorch,R,DATA Scientist
31,18,13,34,21,42,78,1,5,1,C/C++,HTML/CSS,Tech Support
57,90,79,58,43,50,40,6,9,5,HTML/CSS,Angular,Web Developer
34,15,6,30,20,15,74,1,4,1,HTML/CSS,Java,Tech Support
87,40,87,79,88,65,85,7,6,2,Linux,Java,Network Engineer
59,88,84,37,40,40,43,3,7,10,JavaScript,HTML/CSS,Web Developer
40,97,71,40,22,44,79,6,8,4,Photoshop,JavaScript,UI/UX
61,79,83,42,40,33,46,6,7,6,Node.js,HTML/CSS,Web Developer
65,82,66,74,37,70,65,7,7,1,Oracle,HTML/CSS,Database Administrator
70,79,73,36,40,33,55,4,8,5,JavaScript,Node.js,Web Developer
21,34,8,5,5,16,83,2,6,0,Java,C/C++,Tech Support
65,77,94,56,43,35,40,4,7,7,Node.js,JavaScript,Web Developer
20,27,15,5,10,38,60,2,3,1,Python,HTML/CSS,Tech Support
61,85,90,56,45,40,49,4,7,6,GitHub,HTML/CSS,Web Developer
71,98,65,84,55,70,67,5,6,1,C/C++,Oracle,Database Administrator
61,27,64,40,27,31,71,1,7,3,GitHub,Photoshop,UI/UX
29,41,48,49,7,28,67,1,8,4,Figma,Photoshop,UI/UX
85,63,90,82,74,68,88,7,4,2,BASH/SHELL,Python,Network Engineer
87,10,50,63,9,74,70,6,4,1,Oracle,C/C++,Database Administrator
51,46,48,25,28,40,63,2,10,3,GitHub,Figma,UI/UX
66,88,77,54,42,32,56,4,9,6,GitHub,React,Web Developer
5,20,27,21,23,30,84,2,2,1,Python,HTML/CSS,Tech Support
20,35,20,11,12,37,60,1,6,0,HTML/CSS,Java,Tech Support
72,87,42,79,54,68,70,8,6,3,Python,MySQL,DATA Scientist
67,92,66,82,58,65,72,5,4,3,C/C++,Linux,Database Administrator
97,85,86,81,83,91,67,10,5,7,Python,JavaScript,Software Engineer
36,45,36,34,23,40,61,4,7,4,GitHub,Photoshop,UI/UX
84,67,76,98,67,78,70,6,4,1,Wireshark,Ansible,Network Engineer
63,83,91,38,21,38,58,3,7,10,GitHub,Node.js,Web Developer
82,86,62,63,82,65,61,9,6,4,Python,Deep Learning,DATA Scientist
62,39,64,34,9,31,89,3,10,5,HTML/CSS,Figma,UI/UX
32,91,33,54,15,55,74,6,5,2,Oracle,HTML/CSS,Database Administrator
32,26,35,32,19,21,75,2,6,1,HTML/CSS,Java,Tech Support
71,95,88,81,49,62,67,5,3,3,HTML/CSS,C/C++,Database Administrator
57,81,88,69,48,50,67,5,5,0,C/C++,Linux,Database Administrator
56,79,81,53,16,50,49,6,9,10,Node.js,JavaScript,Web Developer
75,96,78,85,37,71,68,5,7,1,HTML/CSS,MySQL,Database Administrator
90,76,84,76,78,87,76,8,5,4,MySQL,React,Software Engineer
16,6,34,10,19,19,85,1,6,1,Java,HTML/CSS,Tech Support
47,49,60,21,29,28,73,2,10,4,Photoshop,JavaScript,UI/UX
49,46,49,34,24,27,55,2,10,4,GitHub,JavaScript,UI/UX
84,84,86,75,76,93,66,7,7,4,Java,Angular,Software Engineer
24,27,14,34,6,42,84,3,6,1,Java,HTML/CSS,Tech Support
56,81,77,83,57,58,78,4,5,3,C/C++,MySQL,Database Administrator
74,83,64,63,93,77,80,9,4,4,Machine Learning,R,DATA Scientist
65,87,88,73,59,53,69,4,3,3,MySQL,Oracle,Database Administrator
94,87,80,94,74,81,73,10,5,3,Python,C/C++,Software Engineer
6,31,16,12,21,30,61,2,6,0,Python,C/C++,Tech Support
96,77,79,89,72,98,61,8,5,8,HTML/CSS,JavaScript,Software Engineer
51,89,94,53,18,36,55,6,9,5,Angular,React,Web Developer
84,57,79,93,75,81,70,5,4,2,Ansible,Cisco Packet Tracer,Network Engineer
69,88,75,72,42,54,69,6,6,3,C/C++,MySQL,Database Administrator
83,76,61,66,93,62,74,6,6,4,R,Python,DATA Scientist
54,85,76,49,39,44,40,6,9,4,Node.js,GitHub,Web Developer
81,70,68,59,78,83,78,9,4,1,Python,R,DATA Scientist
14,8,35,31,13,39,67,1,4,0,Python,C/C++,Tech Support
84,88,66,70,83,71,80,8,5,3,PyTorch,Machine Learning,DATA Scientist
57,76,77,57,42,30,42,6,9,5,GitHub,Node.js,Web Developer
27,14,18,13,3,23,66,1,5,1,C/C++,Python,Tech Support
78,86,74,66,79,69,62,8,4,1,TensorFlow,Machine Learning,DATA Scientist
75,6,81,74,83,87,76,6,5,2,Python,Java,Software Engineer
81,82,72,99,68,54,78,9,6,1,Java,MySQL,Software Engineer
77,50,80,97,68,75,70,8,6,1,Python,Linux,Network Engineer
48,77,92,60,20,45,50,3,7,5,Angular,Node.js,Web Developer
22,37,55,32,24,37,90,4,10,5,HTML/CSS,Figma,UI/UX
96,81,83,77,71,90,76,7,7,3,HTML/CSS,Angular,Software Engineer
92,80,85,76,77,86,62,10,6,5,Java,Oracle,Software Engineer
74,31,86,76,97,14,75,10,3,1,C/C++,Java,Software Engineer
79,89,68,58,95,62,74,6,6,1,TensorFlow,Machine Learning,DATA Scientist
92,92,86,87,71,85,69,10,6,4,Python,Oracle,Software Engineer
70,84,79,83,39,74,74,7,3,3,MySQL,C/C++,Database Administrator
67,82,72,58,15,30,42,3,8,9,GitHub,HTML/CSS,Web Developer
18,12,10,28,22,31,55,5,3,1,Java,HTML/CSS,Tech Support
65,68,79,96,62,76,80,8,5,2,Ansible,C/C++,Network Engineer
91,84,75,82,72,99,68,10,5,4,C/C++,Python,Software Engineer
85,50,76,82,82,73,90,6,4,2,Linux,Ansible,Network Engineer
72,74,73,60,87,82,65,7,6,4,TensorFlow,R,DATA Scientist
35,10,12,18,6,39,81,3,6,1,Java,C/C++,Tech Support
24,19,35,6,12,36,58,1,2,0,HTML/CSS,C/C++,Tech Support
64,75,90,39,22,34,44,5,8,7,Angular,GitHub,Web Developer
28,22,24,20,23,37,83,5,3,1,Python,HTML/CSS,Tech Support
70,84,71,62,89,67,78,9,5,3,R,TensorFlow,DATA Scientist
74,97,82,84,36,60,81,7,6,1,HTML/CSS,C/C++,Database Administrator
34,39,33,33,24,26,61,1,9,5,Figma,JavaScript,UI/UX
6,15,28,31,18,31,63,5,2,1,HTML/CSS,Java,Tech Support
54,81,78,42,53,64,69,5,7,0,MySQL,C/C++,Database Administrator
74,87,77,77,51,58,66,4,4,3,Linux,C/C++,Database Administrator
65,85,74,54,16,36,50,3,9,5,GitHub,Angular,Web Developer
47,41,30,49,2,36,63,2,10,5,GitHub,HTML/CSS,UI/UX
24,24,28,26,6,25,80,3,5,1,Python,HTML/CSS,Tech Support
74,91,71,64,50,54,78,6,5,2,HTML/CSS,C/C++,Database Administrator
30,32,17,10,8,15,80,3,6,0,HTML/CSS,C/C++,Tech Support
63,82,65,73,57,54,75,7,3,1,C/C++,MySQL,Database Administrator
57,83,85,39,25,46,51,4,7,5,JavaScript,Node.js,Web Developer
72,57,86,100,74,79,77,6,4,1,Ansible,Cisco Packet Tracer,Network Engineer
65,85,71,38,19,35,45,3,8,4,Node.js,JavaScript,Web Developer
80,72,68,66,79,82,72,9,5,2,PyTorch,R,DATA Scientist
22,50,55,23,18,34,81,3,9,5,Photoshop,GitHub,UI/UX
83,53,76,88,78,67,87,5,7,1,Cisco Packet Tracer,Wireshark,Network Engineer
99,76,76,77,85,82,63,8,5,5,Java,JavaScript,Software Engineer
36,89,65,83,42,75,80,4,4,0,Oracle,HTML/CSS,Database Administrator
94,89,84,81,74,80,60,9,7,8,C/C++,JavaScript,Software Engineer
88,72,75,95,80,69,85,8,7,0,Wireshark,Ansible,Network Engineer
61,86,87,43,32,41,58,3,9,5,Node.js,HTML/CSS,Web Developer
76,98,82,77,89,84,86,6,6,0,Wireshark,Cisco Packet Tracer,Network Engineer
71,87,71,59,83,61,80,8,5,1,Python,TensorFlow,DATA Scientist
74,100,85,73,65,59,78,6,6,0,HTML/CSS,C/C++,Database Administrator
28,31,7,16,16,45,62,4,5,1,Python,C/C++,Tech Support
88,89,75,82,83,96,71,8,7,7,Oracle,MySQL,Software Engineer
26,15,74,51,49,17,74,3,7,5,HTML/CSS,Angular,Web Developer
61,82,85,66,58,62,67,6,7,0,HTML/CSS,MySQL,Database Administrator
77,91,84,77,78,94,74,10,6,8,JavaScript,HTML/CSS,Software Engineer
26,20,25,33,25,17,85,1,6,0,C/C++,Python,Tech Support
84,56,80,82,77,75,77,8,5,2,Ansible,BASH/SHELL,Network Engineer
27,31,36,46,29,31,85,4,9,5,HTML/CSS,Photoshop,UI/UX
47,87,88,52,31,40,59,4,9,5,Node.js,Angular,Web Developer
51,75,67,63,51,61,65,7,5,3,R,TensorFlow,DATA Scientist
56,83,85,35,33,36,50,5,7,5,HTML/CSS,Node.js,Web Developer
95,91,84,67,98,84,62,8,4,7,Linux,Oracle,Database Administrator
79,78,61,58,79,74,71,9,6,2,TensorFlow,PyTorch,DATA Scientist
84,62,76,92,80,79,87,7,7,2,Linux,Cisco Packet Tracer,Network Engineer
28,34,41,47,18,16,59,1,7,3,Figma,Photoshop,UI/UX
49,98,77,74,52,61,77,6,6,1,C/C++,Linux,Database Administrator
74,51,79,100,76,77,74,6,6,1,Ansible,Linux,Network Engineer
32,37,40,29,33,14,61,3,7,5,Figma,GitHub,UI/UX
78,79,84,88,84,99,74,7,5,7,C/C++,Angular,Software Engineer
18,20,13,15,28,20,66,4,5,1,Java,Java,Tech Support
61,100,70,61,62,72,82,4,5,3,Linux,C/C++,Database Administrator
43,45,44,46,27,14,69,1,9,3,Photoshop,HTML/CSS,UI/UX
71,88,88,70,58,52,82,4,6,2,C/C++,Oracle,Database Administrator
31,22,30,49,4,23,62,2,9,4,GitHub,JavaScript,UI/UX
82,66,76,90,81,72,72,6,5,0,Cisco Packet Tracer,Wireshark,Network Engineer
65,90,87,51,31,39,60,4,8,5,Angular,React,Web Developer
82,63,86,94,70,72,88,6,4,0,Ansible,Python,Network Engineer
23,30,13,34,8,22,61,5,6,0,Python,HTML/CSS,Tech Support
65,40,59,51,73,44,71,4,9,1,Oracle,GitHub,Tech Support
55,84,74,51,32,38,52,6,7,6,GitHub,React,Web Developer
63,81,82,75,55,50,77,7,3,2,MySQL,Oracle,Database Administrator
23,77,74,87,4,17,70,1,4,5,Python,Figma,Tech Support
76,69,79,85,80,69,75,5,4,1,Ansible,Cisco Packet Tracer,Network Engineer
80,54,89,85,77,75,83,5,6,0,Python,Cisco Packet Tracer,Network Engineer
80,83,63,58,82,64,80,9,5,2,Deep Learning,Machine Learning,DATA Scientist
97,88,78,89,74,86,63,10,7,4,MySQL,Java,Software Engineer
64,100,78,71,64,66,71,4,4,1,Oracle,C/C++,Database Administrator
87,98,74,65,89,87,63,6,5,0,Linux,MySQL,Database Administrator
35,7,24,27,3,43,77,2,4,1,C/C++,Java,Tech Support
55,84,82,43,30,42,44,3,8,9,Angular,HTML/CSS,Web Developer
60,87,85,60,29,49,51,6,9,9,HTML/CSS,GitHub,Web Developer
32,35,39,35,28,30,79,2,10,3,HTML/CSS,Photoshop,UI/UX
63,86,66,67,57,49,70,5,4,2,MySQL,Linux,Database Administrator
97,75,81,88,85,84,64,9,7,4,MySQL,C/C++,Software Engineer
61,97,67,71,41,50,79,6,7,2,Linux,Oracle,Database Administrator
61,92,73,76,61,73,72,4,7,0,HTML/CSS,Linux,Database Administrator
81,92,82,90,83,92,60,9,7,5,React,C/C++,Software Engineer
73,63,76,82,79,85,90,6,5,2,Wireshark,Python,Network Engineer
59,80,68,67,50,52,68,7,5,3,C/C++,MySQL,Database Administrator
23,31,30,38,10,13,72,4,8,5,HTML/CSS,Figma,UI/UX
78,85,90,82,71,99,74,8,7,4,React,C/C++,Software Engineer
95,99,33,67,97,67,62,7,5,3,Deep Learning,TensorFlow,DATA Scientist
43,25,53,21,4,38,64,1,7,3,Photoshop,JavaScript,UI/UX
96,89,87,77,77,80,69,10,6,8,Angular,C/C++,Software Engineer
78,91,87,76,83,81,72,9,7,5,Linux,Angular,Software Engineer
84,99,70,51,56,51,83,8,5,2,GitHub,Linux,Database Administrator
74,81,76,63,56,70,66,6,7,2,C/C++,Linux,Database Administrator
44,23,49,22,18,35,89,2,9,4,GitHub,HTML/CSS,UI/UX
58,82,78,50,31,39,45,4,8,4,React,HTML/CSS,Web Developer
83,75,79,84,85,80,64,8,5,5,Linux,Angular,Software Engineer
84,50,78,81,83,70,71,6,4,2,Wireshark,Python,Network Engineer
39,36,58,27,29,14,64,4,9,5,Figma,HTML/CSS,UI/UX
83,71,62,60,84,80,74,7,5,3,TensorFlow,PyTorch,DATA Scientist
84,69,89,86,81,72,81,6,7,2,BASH/SHELL,Ansible,Network Engineer
88,73,82,89,79,84,72,6,5,2,Wireshark,Ansible,Network Engineer
83,76,79,81,85,80,62,10,5,3,Python,JavaScript,Software Engineer
87,83,89,79,80,82,65,10,7,5,MySQL,C/C++,Software Engineer
31,32,7,20,6,22,72,5,3,0,HTML/CSS,Java,Tech Support
98,75,89,90,70,85,66,8,7,4,Oracle,C/C++,Software Engineer
25,32,43,50,27,27,89,1,10,4,GitHub,Photoshop,UI/UX
27,35,54,39,0,33,60,3,10,3,Photoshop,HTML/CSS,UI/UX
84,80,58,63,75,68,65,9,7,2,Deep Learning,R,DATA Scientist
88,54,81,86,33,72,71,5,5,1,Ansible,Python,Network Engineer
82,77,69,67,75,76,61,7,5,3,R,Machine Learning,DATA Scientist
31,42,51,24,25,38,80,4,8,3,Figma,JavaScript,UI/UX
28,6,47,76,48,49,83,4,9,3,Java,HTML/CSS,Web Developer
54,78,94,45,43,40,53,6,7,4,HTML/CSS,JavaScript,Web Developer
69,90,69,63,59,69,83,6,7,0,Linux,MySQL,Database Administrator
76,65,75,98,79,76,82,7,5,0,Cisco Packet Tracer,Wireshark,Network Engineer
76,87,87,89,85,88,73,7,5,4,Python,HTML/CSS,Software Engineer
80,63,87,82,79,69,75,8,4,1,Wireshark,Python,Network Engineer
74,57,84,99,70,84,84,6,4,0,Linux,Ansible,Network Engineer
31,18,9,11,1,38,63,2,6,0,C/C++,Java,Tech Support
32,15,34,45,20,38,76,4,10,4,Photoshop,Figma,UI/UX
86,70,82,80,77,68,87,7,5,1,Ansible,Linux,Network Engineer
77,92,88,82,82,88,69,7,7,8,MySQL,Linux,Software Engineer
61,95,86,64,65,74,78,6,5,0,C/C++,MySQL,Database Administrator
64,86,70,79,62,59,69,6,7,2,Linux,HTML/CSS,Database Administrator
78,68,80,86,73,82,76,6,4,1,Python,Wireshark,Network Engineer
72,86,73,56,93,71,63,7,7,1,Python,PyTorch,DATA Scientist
91,92,85,79,81,88,77,9,7,3,Java,Python,Software Engineer
59,90,73,45,43,36,46,4,8,10,React,GitHub,Web Developer
35,28,38,46,25,21,60,3,9,5,Photoshop,HTML/CSS,UI/UX
72,74,60,65,98,65,63,9,6,1,Deep Learning,Machine Learning,DATA Scientist
25,34,12,15,13,26,72,1,4,1,Python,Java,Tech Support
81,60,80,99,81,75,74,6,6,2,Ansible,Cisco Packet Tracer,Network Engineer
86,64,89,80,78,73,75,6,4,2,Wireshark,Cisco Packet Tracer,Network Engineer
94,90,80,80,75,99,65,10,6,7,C/C++,JavaScript,Software Engineer
57,84,70,50,30,42,51,5,9,6,React,Angular,Web Developer
79,70,72,67,96,62,70,6,5,1,Deep Learning,PyTorch,DATA Scientist
53,82,73,38,28,43,49,4,8,7,Node.js,Angular,Web Developer
32,9,10,9,1,45,75,5,2,0,Python,Java,Tech Support
67,91,81,76,36,50,71,7,6,0,MySQL,Oracle,Database Administrator
81,75,80,85,81,89,63,8,5,8,C/C++,Linux,Software Engineer
65,92,79,70,37,72,68,7,5,3,HTML/CSS,MySQL,Database Administrator
48,88,75,52,20,41,57,3,9,6,React,JavaScript,Web Developer
61,89,85,63,56,61,80,7,5,0,C/C++,HTML/CSS,Database Administrator
69,88,84,57,34,43,56,5,8,9,Angular,JavaScript,Web Developer
85,70,67,58,96,85,74,7,6,2,TensorFlow,Deep Learning,DATA Scientist
66,93,86,75,51,47,82,4,3,3,Linux,C/C++,Database Administrator
81,85,57,64,85,83,64,9,6,4,TensorFlow,Python,DATA Scientist
20,81,68,56,37,63,61,6,5,1,Python,TensorFlow,DATA Scientist
51,41,71,34,53,39,63,4,9,7,JavaScript,HTML/CSS,Web Developer
84,85,64,70,96,66,68,9,5,4,Python,Machine Learning,DATA Scientist
48,25,51,29,1,29,80,1,9,4,Photoshop,GitHub,UI/UX
33,28,43,31,12,28,85,4,10,5,Figma,GitHub,UI/UX
75,86,79,79,71,86,65,7,6,6,Java,React,Software Engineer
12,9,45,6,18,23,67,1,8,2,Photoshop,Java,UI/UX
6,11,12,12,16,22,61,5,3,1,C/C++,Python,Tech Support
81,71,68,66,95,64,67,8,6,2,TensorFlow,PyTorch,DATA Scientist
25,20,41,22,15,33,56,4,9,3,Photoshop,GitHub,UI/UX
80,70,61,64,84,60,72,6,4,1,Python,Deep Learning,DATA Scientist
93,79,83,77,74,86,63,8,6,3,JavaScript,C/C++,Software Engineer
80,70,72,57,97,76,71,9,4,1,Deep Learning,R,DATA Scientist
55,90,81,36,29,33,46,4,7,5,JavaScript,Node.js,Web Developer
50,27,46,40,19,15,83,3,9,5,JavaScript,Figma,UI/UX
26,16,14,32,4,20,73,1,3,0,C/C++,Python,Tech Support
74,73,75,96,72,79,73,8,7,0,BASH/SHELL,Cisco Packet Tracer,Network Engineer
81,63,81,95,83,80,83,7,6,0,Linux,Cisco Packet Tracer,Network Engineer
96,89,84,77,83,95,69,10,5,6,Angular,JavaScript,Software Engineer
72,56,78,94,77,82,74,5,5,0,Linux,BASH/SHELL,Network Engineer
73,86,59,62,86,60,70,6,6,2,Python,TensorFlow,DATA Scientist
21,33,48,31,4,25,87,1,7,4,Figma,GitHub,UI/UX
83,82,69,55,87,85,64,8,5,1,PyTorch,Deep Learning,DATA Scientist
13,25,22,19,1,31,58,1,2,1,C/C++,HTML/CSS,Tech Support
79,9,69,65,98,87,75,7,5,3,TensorFlow,Machine Learning,DATA Scientist
74,64,76,87,71,68,78,6,6,1,Cisco Packet Tracer,BASH/SHELL,Network Engineer
5,35,11,27,2,16,59,3,2,1,Python,Java,Tech Support
83,82,66,60,96,63,61,9,5,1,TensorFlow,Python,DATA Scientist
72,57,89,81,69,69,72,7,7,2,Wireshark,Python,Network Engineer
56,91,69,60,44,62,84,6,5,3,MySQL,HTML/CSS,Database Administrator
78,73,59,58,85,60,79,8,7,2,PyTorch,Machine Learning,DATA Scientist
48,80,88,47,41,39,43,3,9,4,Node.js,HTML/CSS,Web Developer
84,70,85,100,73,77,71,6,6,2,Cisco Packet Tracer,Python,Network Engineer
73,69,87,99,68,79,83,8,5,0,Python,Wireshark,Network Engineer
81,78,80,85,75,84,72,9,5,8,HTML/CSS,Python,Software Engineer
79,54,80,97,76,74,88,7,4,1,Python,Ansible,Network Engineer
70,76,58,70,98,65,70,6,4,2,Deep Learning,TensorFlow,DATA Scientist
60,88,73,49,19,36,58,3,8,7,JavaScript,HTML/CSS,Web Developer
64,87,79,82,40,55,67,6,6,1,Linux,MySQL,Database Administrator
48,27,50,39,21,38,86,3,10,3,JavaScript,Figma,UI/UX
14,6,32,25,21,39,60,2,2,1,Python,Java,Tech Support
58,82,83,36,28,46,52,5,9,6,JavaScript,Angular,Web Developer
58,84,85,40,19,34,49,5,9,10,GitHub,HTML/CSS,Web Developer
75,62,85,84,79,67,87,8,6,2,Ansible,BASH/SHELL,Network Engineer
79,70,88,97,68,74,82,5,6,1,BASH/SHELL,Python,Network Engineer
70,84,84,81,42,71,65,7,3,0,Oracle,Linux,Database Administrator
83,89,88,88,80,93,76,10,7,5,Java,Angular,Software Engineer
55,80,87,52,37,31,53,4,8,10,GitHub,Angular,Web Developer
87,53,89,90,76,78,87,6,6,1,Wireshark,Ansible,Network Engineer
60,77,83,46,39,40,51,5,7,10,JavaScript,HTML/CSS,Web Developer
90,85,85,90,73,86,75,9,7,6,MySQL,Linux,Software Engineer
66,90,91,41,29,36,47,5,7,7,JavaScript,HTML/CSS,Web Developer
33,33,17,10,6,33,74,3,6,0,Java,HTML/CSS,Tech Support
88,69,86,85,74,72,78,6,6,2,Python,Wireshark,Network Engineer
75,70,59,69,91,66,65,7,5,3,PyTorch,Machine Learning,DATA Scientist
87,94,25,65,89,66,73,7,6,1,R,R,DATA Scientist
59,82,73,60,42,38,44,6,7,8,HTML/CSS,GitHub,Web Developer
45,30,53,25,0,32,68,4,9,4,Photoshop,JavaScript,UI/UX
94,91,89,89,84,93,72,7,7,8,C/C++,MySQL,Software Engineer
45,50,38,43,18,17,79,4,7,4,HTML/CSS,GitHub,UI/UX
62,80,71,85,42,72,80,5,3,0,C/C++,MySQL,Database Administrator
94,86,75,88,78,86,76,7,7,4,Java,HTML/CSS,Software Engineer
64,97,79,74,45,73,65,6,5,1,Oracle,HTML/CSS,Database Administrator
79,73,88,92,80,70,78,6,7,2,Python,Wireshark,Network Engineer
8,23,10,14,0,40,72,4,5,0,HTML/CSS,Python,Tech Support
80,75,68,66,85,61,65,9,4,4,R,Deep Learning,DATA Scientist
74,56,86,89,74,76,78,7,5,0,Ansible,BASH/SHELL,Network Engineer
63,82,87,51,33,35,59,6,9,7,Angular,HTML/CSS,Web Developer
14,16,33,8,21,44,58,3,6,0,C/C++,Java,Tech Support
7,22,25,33,8,29,71,3,5,0,Python,HTML/CSS,Tech Support
74,84,68,63,97,60,61,9,6,3,R,TensorFlow,DATA Scientist
32,38,46,26,25,15,57,4,10,5,GitHub,HTML/CSS,UI/UX
74,64,85,87,75,81,87,5,6,1,Wireshark,BASH/SHELL,Network Engineer
56,96,75,65,45,73,76,6,6,1,Oracle,Linux,Database Administrator
98,80,85,84,82,81,60,7,6,7,Linux,React,Software Engineer
20,19,28,23,13,21,80,4,4,0,MySQL,HTML/CSS,Tech Support
79,84,83,77,71,94,74,8,7,5,JavaScript,React,Software Engineer
85,80,59,59,77,77,60,8,7,3,Python,R,DATA Scientist
73,80,88,71,57,62,84,7,5,3,Oracle,C/C++,Database Administrator
51,87,83,45,45,50,53,6,8,7,Node.js,GitHub,Web Developer
23,48,32,28,23,38,73,1,10,5,Photoshop,Figma,UI/UX
46,10,32,13,1,45,81,3,5,1,HTML/CSS,C/C++,Tech Support
79,64,86,100,85,74,87,7,6,0,BASH/SHELL,Python,Network Engineer
17,18,13,33,21,31,69,4,4,1,HTML/CSS,C/C++,Tech Support
69,87,87,40,15,34,57,5,8,6,GitHub,Node.js,Web Developer
83,78,63,60,89,77,79,8,4,1,TensorFlow,Deep Learning,DATA Scientist
57,90,71,75,70,78,89,5,5,1,Linux,Oracle,Database Administrator
20,17,10,16,22,18,60,5,5,0,Python,Java,Tech Support
76,81,56,65,99,74,63,8,4,1,TensorFlow,R,DATA Scientist
60,80,84,40,24,50,49,4,8,5,Angular,HTML/CSS,Web Developer
63,86,68,82,61,72,85,5,5,1,Oracle,Linux,Database Administrator
15,6,29,19,1,15,75,3,4,1,Java,C/C++,Tech Support
41,50,50,43,24,31,74,4,8,5,GitHub,Photoshop,UI/UX
25,35,49,48,0,29,77,3,8,3,Photoshop,GitHub,UI/UX
32,6,26,32,14,37,67,3,4,0,HTML/CSS,Java,Tech Support
80,75,61,58,99,80,64,9,5,4,R,Machine Learning,DATA Scientist
75,99,71,80,35,58,71,7,3,2,Linux,Oracle,Database Administrator
58,86,83,62,40,74,78,6,6,1,C/C++,MySQL,Database Administrator
10,26,5,12,10,24,58,1,3,1,HTML/CSS,Java,Tech Support
91,91,85,75,80,96,64,7,5,6,Python,HTML/CSS,Software Engineer
76,88,66,70,78,68,67,6,7,2,Python,PyTorch,DATA Scientist
54,80,84,58,23,33,58,3,9,7,JavaScript,GitHub,Web Developer
76,66,79,99,70,85,75,8,5,1,Python,Wireshark,Network Engineer
73,82,81,71,48,86,69,8,7,3,React,MySQL,Software Engineer
19,29,21,23,16,28,55,4,2,1,Java,HTML/CSS,Tech Support
27,12,13,31,2,30,82,1,2,0,HTML/CSS,C/C++,Tech Support
79,92,78,80,74,85,74,10,6,4,Java,HTML/CSS,Software Engineer
24,41,52,46,35,25,71,1,9,3,HTML/CSS,Photoshop,UI/UX
80,82,59,69,93,84,64,9,5,4,Python,Machine Learning,DATA Scientist
43,38,49,38,30,31,81,3,9,3,HTML/CSS,JavaScript,UI/UX
54,88,86,57,15,50,44,3,8,10,GitHub,HTML/CSS,Web Developer
68,85,66,72,46,66,78,6,6,1,HTML/CSS,C/C++,Database Administrator
99,75,77,82,76,90,71,8,7,8,JavaScript,Linux,Software Engineer
62,93,74,83,46,69,73,5,7,0,C/C++,Oracle,Database Administrator
81,63,77,80,74,71,86,7,4,0,Ansible,Wireshark,Network Engineer
11,20,27,15,10,36,69,2,5,1,Python,HTML/CSS,Tech Support
82,58,88,83,81,72,70,6,4,1,Linux,Wireshark,Network Engineer
99,83,84,85,76,90,74,9,7,6,Angular,Oracle,Software Engineer
53,37,70,39,16,35,77,2,6,0,HTML/CSS,GitHub,Web Developer
79,75,87,76,74,97,73,7,6,7,Python,Java,Software Engineer
25,33,55,40,4,31,82,1,7,4,Photoshop,GitHub,UI/UX
33,38,46,32,29,16,74,2,10,4,Photoshop,JavaScript,UI/UX
50,88,89,45,27,37,42,4,9,8,GitHub,Angular,Web Developer
75,90,72,67,92,85,72,9,5,1,TensorFlow,Python,DATA Scientist
74,79,56,69,92,67,79,7,4,3,Deep Learning,Python,DATA Scientist
62,82,80,51,34,39,51,3,7,7,Angular,JavaScript,Web Developer
93,78,89,75,72,95,67,7,7,3,React,JavaScript,Software Engineer
79,49,75,100,79,72,78,7,6,2,BASH/SHELL,Cisco Packet Tracer,Network Engineer
47,26,40,28,22,38,84,2,8,5,HTML/CSS,JavaScript,UI/UX
87,86,78,87,82,87,76,10,7,5,Python,C/C++,Software Engineer
32,10,20,15,5,26,84,5,3,0,HTML/CSS,Java,Tech Support
83,91,76,78,75,84,74,9,7,4,HTML/CSS,JavaScript,Software Engineer
80,88,83,90,73,80,72,10,6,6,Oracle,HTML/CSS,Software Engineer
73,74,61,56,75,76,67,8,4,3,Deep Learning,R,DATA Scientist
70,83,76,39,20,42,59,5,8,5,GitHub,JavaScript,Web Developer
23,38,53,26,29,14,65,4,10,3,HTML/CSS,JavaScript,UI/UX
81,82,80,79,81,96,68,7,6,4,HTML/CSS,MySQL,Software Engineer
10,16,16,25,5,17,67,2,2,0,HTML/CSS,Java,Tech Support
83,83,54,51,46,40,70,5,7,3,Angular,JavaScript,Web Developer
63,31,86,57,2,48,48,4,9,1,JavaScript,JavaScript,Web Developer
82,71,73,63,96,72,74,9,7,4,Deep Learning,PyTorch,DATA Scientist
71,82,70,78,35,66,65,4,7,1,MySQL,Linux,Database Administrator
79,81,76,77,82,80,62,10,6,7,HTML/CSS,Python,Software Engineer
55,87,82,75,40,51,65,7,6,2,Angular,Oracle,Database Administrator
73,58,81,90,72,79,89,5,7,2,Python,Cisco Packet Tracer,Network Engineer
6,75,72,70,31,61,66,7,7,4,C/C++,C/C++,Software Engineer
65,98,88,61,37,64,66,5,7,3,HTML/CSS,MySQL,Database Administrator
99,88,82,79,84,90,70,7,6,8,Linux,Angular,Software Engineer
51,78,73,42,44,43,53,5,7,10,React,Angular,Web Developer
68,83,86,47,31,48,60,3,7,6,JavaScript,React,Web Developer
79,40,92,12,11,17,77,4,9,3,HTML/CSS,Photoshop,UI/UX
78,88,57,61,77,84,71,6,7,1,Deep Learning,R,DATA Scientist
76,80,81,87,76,95,72,7,5,6,C/C++,JavaScript,Software Engineer
75,63,88,99,85,83,84,8,4,1,Linux,Ansible,Network Engineer
81,82,86,89,70,93,77,10,7,8,Java,Python,Software Engineer
58,85,81,55,15,50,43,4,9,6,Node.js,GitHub,Web Developer
84,77,78,82,75,89,71,9,6,3,Angular,MySQL,Software Engineer
72,81,75,69,78,69,71,8,5,1,Deep Learning,Python,DATA Scientist
70,86,92,36,26,46,40,5,8,4,JavaScript,HTML/CSS,Web Developer
60,76,73,42,26,35,41,4,9,8,Node.js,React,Web Developer
31,50,34,26,31,40,81,2,9,3,GitHub,HTML/CSS,UI/UX
80,84,76,82,74,83,63,10,7,4,JavaScript,Angular,Software Engineer
26,34,58,46,29,18,64,1,7,5,Figma,Photoshop,UI/UX
69,82,71,37,32,48,45,6,7,4,GitHub,React,Web Developer
31,33,52,32,27,37,80,4,9,3,GitHub,Photoshop,UI/UX
75,95,74,71,35,47,70,4,5,2,HTML/CSS,Linux,Database Administrator
49,86,83,53,42,49,45,5,8,7,React,Angular,Web Developer
40,36,44,44,8,18,81,3,8,3,Photoshop,Figma,UI/UX
28,32,34,42,9,28,67,4,10,4,HTML/CSS,Photoshop,UI/UX
97,84,89,77,83,80,75,7,7,3,Linux,HTML/CSS,Software Engineer
50,84,73,35,19,40,43,4,8,4,JavaScript,Angular,Web Developer
22,80,55,63,61,64,85,7,5,3,Oracle,PyTorch,Database Administrator
73,82,59,55,83,61,61,6,5,1,TensorFlow,PyTorch,DATA Scientist
82,92,86,88,75,98,69,9,7,6,JavaScript,HTML/CSS,Software Engineer
76,72,89,88,78,78,80,6,6,2,Ansible,Linux,Network Engineer
16,7,33,27,15,35,61,2,2,1,HTML/CSS,Java,Tech Support
18,22,29,11,19,29,60,4,2,0,HTML/CSS,C/C++,Tech Support
25,27,42,46,20,26,67,1,10,5,GitHub,Figma,UI/UX
94,82,83,90,71,90,73,7,6,8,Angular,HTML/CSS,Software Engineer
83,79,62,60,81,67,66,6,4,2,Python,PyTorch,DATA Scientist
65,88,83,55,19,44,49,3,8,8,React,Angular,Web Developer
82,72,88,91,79,85,85,6,7,1,Wireshark,Linux,Network Engineer
86,11,45,75,50,84,89,8,5,2,Linux,Linux,Database Administrator
20,33,25,7,13,31,62,3,2,0,C/C++,Python,Tech Support
82,82,65,70,86,82,76,7,4,3,R,Machine Learning,DATA Scientist
58,85,93,47,34,37,53,4,7,9,Node.js,React,Web Developer
81,92,76,75,74,89,76,10,5,5,Oracle,C/C++,Software Engineer
84,91,80,63,98,82,72,9,6,1,Cisco Packet Tracer,TensorFlow,Network Engineer
22,29,26,15,8,18,82,2,3,0,HTML/CSS,C/C++,Tech Support
45,60,15,26,7,49,40,5,9,3,GitHub,Figma,UI/UX
64,90,71,53,16,38,43,3,9,10,JavaScript,GitHub,Web Developer
27,40,36,33,33,27,74,3,9,4,HTML/CSS,GitHub,UI/UX
76,73,81,89,81,71,77,7,6,1,Ansible,Cisco Packet Tracer,Network Engineer
83,56,83,97,80,74,90,6,7,1,Python,Linux,Network Engineer
43,27,58,39,16,39,86,2,8,3,Figma,Photoshop,UI/UX
72,71,80,88,78,80,82,6,6,1,BASH/SHELL,Wireshark,Network Engineer
62,81,92,45,34,34,41,3,9,10,HTML/CSS,Node.js,Web Developer
74,71,89,87,76,81,78,7,7,0,Wireshark,Linux,Network Engineer
84,88,70,62,77,64,63,8,7,3,Python,PyTorch,DATA Scientist
49,28,31,49,11,21,89,2,10,4,GitHub,Figma,UI/UX
53,89,95,38,25,31,43,5,8,8,HTML/CSS,Node.js,Web Developer
50,42,50,21,6,13,80,3,8,3,JavaScript,HTML/CSS,UI/UX
90,85,78,86,72,91,63,8,6,6,JavaScript,Linux,Software Engineer
52,29,33,28,29,27,60,2,10,4,Figma,JavaScript,UI/UX
7,78,14,84,56,85,68,5,7,1,HTML/CSS,Java,Software Engineer
80,76,82,79,70,81,72,8,6,3,JavaScript,MySQL,Software Engineer
57,87,80,62,60,73,71,5,4,2,C/C++,Linux,Database Administrator
30,31,23,26,12,32,59,5,6,0,Python,Java,Tech Support
35,15,31,33,3,44,64,5,5,1,Java,Python,Tech Support
73,81,79,63,51,45,71,4,4,0,HTML/CSS,C/C++,Database Administrator
67,100,78,75,35,74,67,5,7,1,MySQL,Linux,Database Administrator
84,47,75,99,73,78,70,7,4,0,Python,BASH/SHELL,Network Engineer
56,72,81,97,50,72,70,8,4,2,Linux,HTML/CSS,Network Engineer
73,91,86,69,37,63,76,4,5,0,Linux,Oracle,Database Administrator
55,96,79,73,65,52,79,6,6,2,Linux,HTML/CSS,Database Administrator
73,81,80,83,53,65,69,4,4,0,Linux,MySQL,Database Administrator
59,94,83,78,47,64,66,5,6,0,MySQL,C/C++,Database Administrator
88,81,87,77,85,98,61,7,6,5,Python,JavaScript,Software Engineer
33,37,35,29,4,19,55,3,9,3,HTML/CSS,Figma,UI/UX
78,87,68,63,88,62,79,9,7,1,PyTorch,TensorFlow,DATA Scientist
99,77,79,77,75,91,61,8,7,5,React,Python,Software Engineer
79,85,62,60,78,62,63,6,7,2,Python,TensorFlow,DATA Scientist
40,34,36,29,9,24,72,4,9,3,JavaScript,Photoshop,UI/UX
58,92,71,80,63,61,79,7,4,0,Linux,HTML/CSS,Database Administrator
24,14,29,35,2,23,56,5,3,0,Java,C/C++,Tech Support
88,55,79,100,75,70,70,6,6,0,Wireshark,Cisco Packet Tracer,Network Engineer
21,6,15,33,20,26,61,3,2,0,Java,HTML/CSS,Tech Support
8,11,5,5,5,31,75,3,4,0,C/C++,HTML/CSS,Tech Support
78,72,59,67,91,73,74,7,5,4,Python,TensorFlow,DATA Scientist
79,83,87,78,77,96,68,7,6,4,Python,MySQL,Software Engineer
43,49,38,49,2,33,55,3,8,5,Figma,Photoshop,UI/UX
12,12,23,28,19,27,73,3,5,1,HTML/CSS,Java,Tech Support
75,87,60,62,89,85,71,9,6,2,Deep Learning,R,DATA Scientist
71,79,59,57,91,63,79,6,5,3,TensorFlow,PyTorch,DATA Scientist
90,88,80,75,79,82,67,7,5,8,C/C++,Oracle,Software Engineer
37,25,41,43,14,21,70,2,8,3,JavaScript,HTML/CSS,UI/UX
72,69,75,82,78,75,72,8,4,2,Linux,Python,Network Engineer
95,68,87,85,75,84,84,8,6,0,Python,BASH/SHELL,Network Engineer
83,60,78,80,68,73,70,7,4,2,Linux,Python,Network Engineer
57,77,74,49,40,45,58,3,7,5,GitHub,Angular,Web Developer
87,48,77,86,72,71,87,6,7,2,Cisco Packet Tracer,Python,Network Engineer
80,50,75,92,69,76,78,6,7,1,Cisco Packet Tracer,Linux,Network Engineer
84,76,60,66,94,60,61,6,5,3,Machine Learning,PyTorch,DATA Scientist
27,34,22,16,14,37,80,4,4,0,Java,HTML/CSS,Tech Support
78,86,56,55,90,63,66,7,6,4,R,TensorFlow,DATA Scientist
35,7,27,17,4,32,79,1,2,0,HTML/CSS,C/C++,Tech Support
65,83,70,38,23,35,49,5,9,9,GitHub,React,Web Developer
39,39,58,43,31,21,75,4,8,3,GitHub,HTML/CSS,UI/UX
45,71,59,56,94,51,76,6,7,2,Machine Learning,Oracle,Database Administrator
69,86,77,77,50,50,80,4,5,2,Oracle,Linux,Database Administrator
29,24,42,39,33,35,89,4,10,3,JavaScript,GitHub,UI/UX
78,69,84,86,84,68,77,8,5,0,BASH/SHELL,Python,Network Engineer
91,86,75,76,85,81,75,9,6,7,Python,JavaScript,Software Engineer
17,32,18,11,7,40,60,2,6,1,Python,C/C++,Tech Support
53,70,91,57,98,39,56,6,7,9,React,HTML/CSS,Web Developer
32,31,38,22,15,29,67,2,9,3,Photoshop,HTML/CSS,UI/UX
62,89,70,76,60,51,77,6,3,2,Oracle,MySQL,Database Administrator
34,30,13,31,11,33,67,2,4,0,Java,C/C++,Tech Support
88,68,75,94,83,67,84,5,4,0,Ansible,Python,Network Engineer
56,92,69,75,52,46,80,4,5,0,Oracle,C/C++,Database Administrator
42,50,35,24,25,37,78,3,7,4,Photoshop,Figma,UI/UX
15,30,37,26,8,15,56,5,9,5,Photoshop,Figma,UI/UX
32,20,38,44,33,26,65,4,8,5,Photoshop,JavaScript,UI/UX
76,65,90,89,81,76,83,7,6,0,BASH/SHELL,Wireshark,Network Engineer
23,21,42,22,12,23,59,2,9,5,JavaScript,Photoshop,UI/UX
82,75,57,64,92,84,73,9,6,2,PyTorch,Deep Learning,DATA Scientist
52,76,90,55,31,34,52,3,8,7,GitHub,Angular,Web Developer
77,76,70,67,98,66,61,6,4,2,Python,Machine Learning,DATA Scientist
85,66,87,82,82,83,78,5,4,0,Python,Ansible,Network Engineer
74,82,79,76,46,56,71,6,3,2,Oracle,Linux,Database Administrator
69,79,91,43,35,35,59,5,8,10,GitHub,JavaScript,Web Developer
46,27,55,49,30,35,71,4,8,5,JavaScript,Figma,UI/UX
90,87,89,80,70,84,83,9,5,4,Angular,Oracle,Software Engineer
21,26,35,30,21,16,82,3,6,0,C/C++,HTML/CSS,Tech Support
27,11,29,7,7,35,72,2,6,0,C/C++,Python,Tech Support
55,76,79,47,30,33,47,3,8,6,Angular,JavaScript,Web Developer
52,79,90,36,24,35,58,5,9,10,GitHub,Node.js,Web Developer
6,8,12,6,7,45,61,5,3,1,Python,HTML/CSS,Tech Support
26,31,7,8,11,18,77,4,2,0,HTML/CSS,C/C++,Tech Support
53,82,69,52,68,68,75,6,5,1,PyTorch,Linux,Database Administrator
8,22,30,25,5,38,60,3,2,1,Python,Java,Tech Support
71,71,64,56,81,80,74,6,7,4,Machine Learning,R,DATA Scientist
55,90,85,84,56,60,74,6,4,1,C/C++,Linux,Database Administrator
60,94,71,81,59,75,85,7,3,1,Oracle,C/C++,Database Administrator
65,79,72,53,19,48,59,3,7,8,GitHub,React,Web Developer
99,92,89,89,75,80,66,7,6,4,React,MySQL,Software Engineer
73,93,88,71,35,54,70,4,7,2,C/C++,Oracle,Database Administrator
77,86,87,89,85,86,75,10,6,5,HTML/CSS,Python,Software Engineer
74,90,72,69,58,61,74,5,3,1,C/C++,HTML/CSS,Database Administrator
52,38,33,38,19,27,62,1,9,3,Photoshop,Figma,UI/UX
41,27,33,42,24,19,78,4,9,3,Photoshop,HTML/CSS,UI/UX
54,64,70,82,52,74,71,10,6,0,Linux,Ansible,Network Engineer
97,85,85,89,71,90,61,7,5,5,Linux,Java,Software Engineer
63,89,82,66,48,73,73,4,5,0,C/C++,HTML/CSS,Database Administrator
75,79,83,77,81,90,68,7,6,6,Angular,Java,Software Engineer
84,62,90,81,81,83,80,8,4,0,Ansible,BASH/SHELL,Network Engineer
61,97,70,74,52,45,65,5,5,3,HTML/CSS,C/C++,Database Administrator
77,50,78,92,81,73,75,7,6,0,Wireshark,Ansible,Network Engineer
82,84,70,65,92,82,70,9,6,4,Machine Learning,TensorFlow,DATA Scientist
45,38,37,22,4,38,70,1,10,5,JavaScript,GitHub,UI/UX
25,12,17,12,12,19,67,5,3,1,Python,Java,Tech Support
81,88,75,58,85,73,64,7,6,3,R,Deep Learning,DATA Scientist
80,47,88,91,74,69,71,6,5,0,Python,BASH/SHELL,Network Engineer
85,80,69,62,91,64,71,9,5,4,PyTorch,TensorFlow,DATA Scientist
81,77,68,59,82,85,67,7,5,2,TensorFlow,Deep Learning,DATA Scientist
73,80,88,85,61,46,71,6,5,0,Oracle,C/C++,Database Administrator
65,79,94,50,44,31,57,4,7,10,React,HTML/CSS,Web Developer
22,36,30,33,18,23,74,4,9,5,Photoshop,Figma,UI/UX
73,75,56,60,90,63,72,6,6,1,PyTorch,TensorFlow,DATA Scientist
85,72,81,95,75,72,76,6,6,1,BASH/SHELL,Python,Network Engineer
81,47,83,96,72,74,89,8,7,0,Ansible,Linux,Network Engineer
15,19,31,16,1,37,70,4,6,0,C/C++,HTML/CSS,Tech Support
98,79,82,75,72,97,68,10,7,3,C/C++,Python,Software Engineer
43,48,59,35,21,33,69,1,9,3,GitHub,Figma,UI/UX
65,81,80,47,38,36,50,5,9,4,GitHub,HTML/CSS,Web Developer
7,20,14,10,20,31,73,2,5,1,Java,Python,Tech Support
77,48,75,93,82,83,77,8,5,0,Wireshark,Ansible,Network Engineer
23,13,26,33,22,45,80,1,5,1,HTML/CSS,C/C++,Tech Support
26,32,49,41,9,17,79,4,9,5,Photoshop,Figma,UI/UX
48,20,59,23,11,38,67,1,7,3,GitHub,Photoshop,UI/UX
13,20,30,7,3,18,66,5,3,0,Java,Python,Tech Support
48,24,55,22,6,30,76,4,8,3,JavaScript,Figma,UI/UX
63,88,73,54,25,31,52,3,7,6,React,Node.js,Web Developer
55,97,71,76,40,65,83,7,6,3,Oracle,HTML/CSS,Database Administrator
57,84,80,68,39,71,65,7,7,2,HTML/CSS,C/C++,Database Administrator
22,23,60,49,3,18,87,1,10,3,HTML/CSS,GitHub,UI/UX
23,44,35,23,28,27,86,3,8,4,Figma,Photoshop,UI/UX
96,77,82,88,77,98,67,8,6,7,Python,JavaScript,Software Engineer
77,72,84,95,80,76,90,8,4,1,Ansible,Cisco Packet Tracer,Network Engineer
15,10,20,34,8,32,77,4,5,1,HTML/CSS,Python,Tech Support
22,35,46,37,21,26,63,3,8,4,GitHub,JavaScript,UI/UX
49,22,41,26,7,28,61,1,8,3,JavaScript,Photoshop,UI/UX
82,74,59,64,81,67,76,6,6,3,Deep Learning,TensorFlow,DATA Scientist
48,50,41,48,3,30,86,4,7,4,GitHub,Photoshop,UI/UX
63,94,50,62,41,64,78,6,5,0,Python,MySQL,Database Administrator
88,75,82,78,84,86,74,8,6,4,Angular,Java,Software Engineer
83,83,57,68,88,75,64,7,7,4,Deep Learning,Python,DATA Scientist
72,70,83,89,78,78,70,6,4,1,Cisco Packet Tracer,Python,Network Engineer
28,23,6,28,2,20,59,5,4,1,Python,Java,Tech Support
82,63,87,100,74,68,74,7,4,2,Python,Ansible,Network Engineer
25,27,59,30,8,33,77,1,8,0,Photoshop,Linux,UI/UX
82,85,59,67,77,60,68,6,5,4,R,Deep Learning,DATA Scientist
83,46,75,97,76,69,79,7,7,1,Cisco Packet Tracer,BASH/SHELL,Network Engineer
95,77,75,86,85,92,69,8,5,5,HTML/CSS,C/C++,Software Engineer
58,78,75,75,49,65,72,6,7,3,Oracle,C/C++,Database Administrator
47,79,93,44,30,48,54,4,8,6,GitHub,JavaScript,Web Developer
85,72,76,96,81,71,90,5,6,1,Linux,Cisco Packet Tracer,Network Engineer
75,92,87,74,48,75,71,7,6,3,Linux,C/C++,Database Administrator
68,92,71,33,44,75,71,6,6,1,Oracle,C/C++,Database Administrator
72,70,59,67,98,81,74,8,7,2,R,Deep Learning,DATA Scientist
62,84,67,73,63,74,80,5,3,3,Linux,Oracle,Database Administrator
55,82,78,42,36,38,56,5,7,10,JavaScript,HTML/CSS,Web Developer
83,71,82,89,76,71,78,5,5,1,Ansible,BASH/SHELL,Network Engineer
58,86,62,60,5,65,65,5,5,1,Oracle,HTML/CSS,Database Administrator
67,82,71,70,40,54,78,7,7,1,C/C++,Oracle,Database Administrator
94,85,84,85,80,82,71,8,7,4,Angular,JavaScript,Software Engineer
25,39,38,44,31,21,62,4,7,4,GitHub,JavaScript,UI/UX
64,87,80,72,46,56,83,5,4,3,HTML/CSS,MySQL,Database Administrator
62,89,92,59,24,32,58,3,9,9,HTML/CSS,Angular,Web Developer
66,92,86,63,46,45,80,5,3,1,Oracle,C/C++,Database Administrator
30,28,45,50,15,34,64,3,7,5,GitHub,JavaScript,UI/UX
76,69,83,94,74,75,90,5,4,0,Ansible,BASH/SHELL,Network Engineer
77,70,69,61,79,81,72,6,5,3,TensorFlow,Python,DATA Scientist
83,76,63,69,75,78,65,8,6,1,PyTorch,Machine Learning,DATA Scientist
85,77,61,61,75,85,66,9,6,4,PyTorch,TensorFlow,DATA Scientist
64,94,65,60,35,72,73,7,5,2,Oracle,HTML/CSS,Database Administrator
85,59,85,86,70,84,88,5,5,0,Python,BASH/SHELL,Network Engineer
81,89,55,64,80,70,69,7,7,1,R,Deep Learning,DATA Scientist
87,47,84,94,83,79,86,6,5,0,Wireshark,Python,Network Engineer
81,83,60,61,85,65,63,8,7,4,R,Deep Learning,DATA Scientist
62,88,84,82,48,74,78,6,5,3,Linux,HTML/CSS,Database Administrator
24,29,53,20,27,27,76,1,8,5,HTML/CSS,JavaScript,UI/UX
70,85,68,64,77,63,61,9,4,2,Deep Learning,PyTorch,DATA Scientist
77,70,82,99,81,75,82,6,5,0,Wireshark,Python,Network Engineer
73,67,87,82,80,78,89,8,7,0,BASH/SHELL,Python,Network Engineer
52,49,54,28,0,14,64,3,8,5,Figma,HTML/CSS,UI/UX
79,80,72,66,79,66,61,9,4,1,PyTorch,Deep Learning,DATA Scientist
72,67,80,80,82,80,74,6,7,0,BASH/SHELL,Ansible,Network Engineer
82,13,58,62,89,61,85,7,7,2,Python,Deep Learning,DATA Scientist
10,31,7,33,4,15,76,3,6,1,Java,Python,Tech Support
67,85,84,57,37,30,51,5,8,8,GitHub,Node.js,Web Developer
34,25,54,21,31,14,55,2,10,5,Figma,JavaScript,UI/UX
72,73,86,84,73,72,77,8,5,1,Python,Ansible,Network Engineer
86,56,83,86,74,80,82,7,6,1,Python,Wireshark,Network Engineer
91,81,87,81,77,94,75,10,7,3,React,Oracle,Software Engineer
75,92,81,71,63,54,77,7,5,0,HTML/CSS,Linux,Database Administrator
8,18,16,12,17,40,65,5,6,0,HTML/CSS,C/C++,Tech Support
74,80,70,59,82,63,64,8,4,1,Deep Learning,Python,DATA Scientist
61,87,81,39,21,33,60,3,9,9,HTML/CSS,Node.js,Web Developer
50,46,78,85,46,57,85,7,4,0,Linux,C/C++,Database Administrator
15,13,9,26,18,45,78,1,6,0,Python,C/C++,Tech Support
6,52,61,16,1,45,74,3,5,1,Python,HTML/CSS,Tech Support
30,27,28,35,14,16,58,5,2,1,Python,C/C++,Tech Support
61,75,71,50,28,40,45,3,8,5,JavaScript,Angular,Web Developer
98,86,81,89,81,92,67,7,6,7,React,Angular,Software Engineer
82,78,66,58,88,71,67,9,6,1,Python,Deep Learning,DATA Scientist
59,99,82,81,42,67,70,4,6,2,HTML/CSS,C/C++,Database Administrator
8,5,7,24,8,29,67,4,4,0,Java,HTML/CSS,Tech Support
88,79,87,87,78,96,71,8,5,4,MySQL,React,Software Engineer
35,5,9,16,15,31,80,4,5,1,C/C++,Java,Tech Support
30,19,22,25,13,43,79,5,5,0,Python,C/C++,Tech Support
58,90,70,69,49,54,73,5,4,1,HTML/CSS,MySQL,Database Administrator
60,83,73,62,45,54,69,7,5,0,HTML/CSS,MySQL,Database Administrator
87,54,80,82,74,68,72,6,6,0,Python,BASH/SHELL,Network Engineer
82,77,84,88,83,95,71,9,6,7,Python,C/C++,Software Engineer
32,22,32,5,15,39,76,5,6,0,Java,C/C++,Tech Support
73,60,78,89,83,85,83,7,5,0,BASH/SHELL,Ansible,Network Engineer
42,78,63,48,87,20,65,9,6,4,TensorFlow,JavaScript,DATA Scientist
85,70,55,56,78,80,60,9,6,3,Machine Learning,PyTorch,DATA Scientist
79,76,62,70,85,84,79,6,5,4,Machine Learning,PyTorch,DATA Scientist
62,89,72,72,20,65,88,6,6,2,Oracle,JavaScript,Database Administrator
84,86,78,88,76,91,61,8,6,6,HTML/CSS,C/C++,Software Engineer
72,74,68,62,97,60,60,7,7,1,Python,TensorFlow,DATA Scientist
86,77,83,76,78,89,71,10,6,3,C/C++,JavaScript,Software Engineer
47,86,79,52,36,47,53,5,9,5,React,JavaScript,Web Developer
30,38,32,32,16,25,80,1,7,3,JavaScript,GitHub,UI/UX
71,47,79,81,94,64,71,6,6,4,HTML/CSS,Linux,Network Engineer
77,52,79,94,67,78,75,8,5,2,Cisco Packet Tracer,Linux,Network Engineer
83,88,77,59,46,14,81,7,6,0,C/C++,Angular,Web Developer
8,15,14,25,2,34,70,5,4,1,HTML/CSS,Java,Tech Support
59,85,73,56,19,45,44,5,7,4,Angular,React,Web Developer
39,46,45,47,3,35,65,4,10,4,HTML/CSS,GitHub,UI/UX
35,5,13,20,17,45,55,3,5,1,Python,Java,Tech Support
84,59,81,83,78,72,75,5,6,2,Ansible,Cisco Packet Tracer,Network Engineer
24,5,25,9,14,21,59,2,4,0,HTML/CSS,Java,Tech Support
52,72,69,67,55,68,80,7,5,3,Deep Learning,Python,DATA Scientist
70,84,68,60,45,71,69,5,7,1,Oracle,HTML/CSS,Database Administrator
72,74,63,67,98,60,78,8,6,3,Python,R,DATA Scientist
77,69,87,97,75,73,72,6,6,2,Ansible,Python,Network Engineer
25,23,37,34,8,15,71,1,8,4,JavaScript,Figma,UI/UX
62,82,85,82,35,55,80,5,6,2,C/C++,Oracle,Database Administrator
84,58,83,86,67,71,73,5,5,0,Python,Ansible,Network Engineer
52,83,79,39,27,37,49,3,7,7,HTML/CSS,React,Web Developer
63,94,75,71,65,64,81,7,7,2,HTML/CSS,Oracle,Database Administrator
62,82,80,69,35,50,83,7,5,0,HTML/CSS,Linux,Database Administrator
12,24,27,26,13,27,84,1,3,0,HTML/CSS,C/C++,Tech Support
32,94,76,75,12,46,61,2,9,3,HTML/CSS,Oracle,Web Developer
75,74,74,67,94,67,73,8,4,3,Deep Learning,TensorFlow,DATA Scientist
86,57,77,85,73,81,72,7,5,0,Ansible,Linux,Network Engineer
84,90,88,75,73,86,62,10,6,3,Angular,Linux,Software Engineer
7,86,43,93,79,97,65,7,6,4,React,Linux,Software Engineer
50,41,44,38,35,23,79,3,9,3,Figma,HTML/CSS,UI/UX
85,88,84,79,72,91,65,10,6,6,React,C/C++,Software Engineer
82,84,67,55,99,70,67,6,4,2,R,Deep Learning,DATA Scientist
48,34,43,29,7,28,61,3,8,10,Figma,JavaScript,UI/UX
80,78,58,63,94,79,78,7,7,1,PyTorch,R,DATA Scientist
66,98,88,85,42,66,83,6,5,1,Linux,Oracle,Database Administrator
56,89,81,37,43,39,40,4,7,9,Node.js,HTML/CSS,Web Developer
93,85,88,90,74,95,64,9,7,4,Oracle,HTML/CSS,Software Engineer
72,93,83,78,64,53,72,6,6,2,Oracle,Linux,Database Administrator
32,35,11,27,17,37,79,2,3,0,C/C++,Python,Tech Support
75,81,76,77,77,94,66,7,5,7,Java,Linux,Software Engineer
59,76,74,36,39,42,40,5,8,7,React,GitHub,Web Developer
9,12,29,27,25,24,67,5,5,0,HTML/CSS,Java,Tech Support
53,85,86,40,43,49,47,3,7,8,Angular,React,Web Developer
62,97,74,84,35,72,76,6,7,0,Linux,MySQL,Database Administrator
74,77,74,65,86,68,73,9,7,1,Machine Learning,Python,DATA Scientist
91,86,78,89,76,89,62,7,6,8,C/C++,Java,Software Engineer
53,82,71,28,35,30,43,5,9,10,HTML/CSS,GitHub,Web Developer
61,89,86,60,54,52,67,4,3,3,MySQL,HTML/CSS,Database Administrator
47,88,84,43,42,40,44,4,8,8,HTML/CSS,Node.js,Web Developer
56,40,6,67,64,54,90,8,5,1,Linux,Linux,Database Administrator
74,49,80,98,79,74,90,8,4,1,Wireshark,BASH/SHELL,Network Engineer
76,86,84,90,78,85,62,9,7,7,React,MySQL,Software Engineer
60,86,84,45,28,46,49,6,8,4,Angular,JavaScript,Web Developer
38,37,55,46,15,31,88,4,9,3,JavaScript,HTML/CSS,UI/UX
38,38,35,31,20,39,81,3,7,5,GitHub,Photoshop,UI/UX
73,79,66,63,78,65,73,7,5,1,PyTorch,Deep Learning,DATA Scientist
62,81,69,76,42,59,72,6,5,1,Linux,MySQL,Database Administrator
63,78,82,41,32,48,45,4,9,5,GitHub,React,Web Developer
96,80,75,86,75,86,72,10,5,4,Angular,Java,Software Engineer
70,85,67,65,95,83,74,7,6,3,R,PyTorch,DATA Scientist
28,32,57,21,7,32,76,1,8,4,JavaScript,Photoshop,UI/UX
72,89,88,71,39,47,82,5,3,2,MySQL,HTML/CSS,Database Administrator
68,91,18,32,11,41,52,4,9,5,JavaScript,GitHub,Web Developer
77,75,85,90,78,95,75,10,6,7,HTML/CSS,React,Software Engineer
32,8,14,13,10,16,80,4,2,0,C/C++,Java,Tech Support
72,72,66,59,86,67,79,7,4,3,R,TensorFlow,DATA Scientist
85,82,62,66,99,77,66,9,7,3,R,PyTorch,DATA Scientist
82,85,80,83,71,94,72,9,6,4,Angular,Java,Software Engineer
85,89,70,56,91,72,63,8,5,1,Machine Learning,R,DATA Scientist
20,9,19,27,18,20,76,3,3,0,HTML/CSS,C/C++,Tech Support
66,76,92,42,20,47,58,4,9,5,Angular,GitHub,Web Developer
62,96,81,67,57,61,85,7,3,3,Linux,C/C++,Database Administrator
70,79,56,64,89,67,65,6,7,3,Deep Learning,PyTorch,DATA Scientist
63,95,78,68,46,66,77,7,5,3,C/C++,HTML/CSS,Database Administrator
21,7,15,32,16,28,80,4,2,1,Python,HTML/CSS,Tech Support
62,78,81,38,25,39,54,6,9,10,GitHub,JavaScript,Web Developer
69,84,84,50,34,37,59,3,7,9,JavaScript,GitHub,Web Developer
70,77,77,39,16,38,41,6,7,5,GitHub,Angular,Web Developer
14,13,30,82,8,21,80,5,5,0,HTML/CSS,Java,Tech Support
83,78,82,82,72,89,61,7,7,8,React,Angular,Software Engineer
80,77,79,89,78,90,70,7,6,4,C/C++,Linux,Software Engineer
76,78,55,60,83,83,76,9,5,2,Deep Learning,Machine Learning,DATA Scientist
51,88,83,32,45,51,79,5,7,7,React,Angular,Web Developer
75,92,76,76,78,98,65,9,5,4,Oracle,JavaScript,Software Engineer
50,29,41,32,1,17,79,3,8,4,Figma,GitHub,UI/UX
26,20,19,5,14,40,81,5,5,1,Python,Java,Tech Support
34,20,50,24,19,16,70,1,9,3,HTML/CSS,GitHub,UI/UX
42,29,49,20,33,23,84,1,10,5,Photoshop,HTML/CSS,UI/UX
96,86,86,78,74,81,66,8,5,8,React,Oracle,Software Engineer
33,12,9,34,3,35,85,4,5,0,C/C++,HTML/CSS,Tech Support
72,56,80,93,74,84,83,8,6,2,Python,Ansible,Network Engineer
36,36,57,35,26,21,88,2,10,4,Photoshop,JavaScript,UI/UX
7,10,24,26,24,22,80,2,5,0,Python,HTML/CSS,Tech Support
73,83,72,65,43,52,75,5,6,3,C/C++,HTML/CSS,Database Administrator
58,99,81,85,44,64,80,5,5,2,MySQL,C/C++,Database Administrator
50,45,58,38,4,40,80,4,9,4,JavaScript,Figma,UI/UX
25,97,69,68,63,58,68,6,5,3,MySQL,Python,Database Administrator
41,50,46,22,0,28,61,4,10,5,GitHub,Photoshop,UI/UX
12,34,24,31,0,29,61,4,4,0,HTML/CSS,Java,Tech Support
70,72,56,65,83,75,75,8,7,4,TensorFlow,R,DATA Scientist
57,89,68,75,43,67,80,4,4,0,MySQL,HTML/CSS,Database Administrator
93,77,90,85,71,96,76,8,6,6,React,MySQL,Software Engineer
75,84,62,62,95,82,73,6,5,2,Python,TensorFlow,DATA Scientist
50,92,82,82,32,71,73,6,5,0,C/C++,MySQL,Database Administrator
70,76,70,58,17,39,42,6,9,9,Angular,GitHub,Web Developer
70,92,87,80,48,60,73,4,5,1,C/C++,HTML/CSS,Database Administrator
69,81,74,48,23,50,52,6,7,9,JavaScript,HTML/CSS,Web Developer
58,52,92,42,26,38,67,4,8,3,Python,Figma,UI/UX
53,82,82,58,31,47,40,4,8,6,JavaScript,React,Web Developer
72,77,74,59,90,63,80,9,6,4,TensorFlow,Deep Learning,DATA Scientist
70,32,48,33,3,33,75,4,10,1,JavaScript,Photoshop,UI/UX
11,39,45,39,28,14,67,4,2,5,HTML/CSS,Figma,UI/UX
60,80,94,40,45,38,49,6,8,10,React,GitHub,Web Developer
47,88,77,57,28,35,56,6,9,9,Angular,Node.js,Web Developer
59,80,72,78,61,67,70,7,4,0,HTML/CSS,Oracle,Database Administrator
57,81,67,62,39,70,74,4,7,3,MySQL,Linux,Database Administrator
17,27,5,28,18,24,62,3,4,1,Python,C/C++,Tech Support
78,88,56,69,97,71,77,7,7,4,Machine Learning,Deep Learning,DATA Scientist
84,74,57,70,84,78,71,8,6,4,Machine Learning,Deep Learning,DATA Scientist
78,70,71,56,93,80,61,7,6,4,PyTorch,Deep Learning,DATA Scientist
86,82,84,88,81,87,65,8,5,5,Linux,MySQL,Software Engineer
67,90,91,55,30,32,56,5,7,5,GitHub,Node.js,Web Developer
85,70,62,63,86,62,75,7,4,1,R,TensorFlow,DATA Scientist
77,56,77,93,83,80,79,8,6,2,Linux,Wireshark,Network Engineer
83,75,65,69,88,74,62,8,6,2,Machine Learning,R,DATA Scientist
57,90,84,68,54,48,72,5,4,3,HTML/CSS,Oracle,Database Administrator
75,70,67,58,75,81,78,6,5,3,TensorFlow,PyTorch,DATA Scientist
31,8,34,24,0,26,65,5,5,1,C/C++,Java,Tech Support
58,90,70,59,37,38,60,6,7,4,React,Node.js,Web Developer
88,48,78,91,70,81,73,5,6,0,BASH/SHELL,Cisco Packet Tracer,Network Engineer
11,21,29,14,8,15,67,1,2,1,HTML/CSS,Java,Tech Support
63,86,88,57,40,30,49,5,7,7,Node.js,GitHub,Web Developer
32,79,53,23,11,35,77,4,9,3,Photoshop,JavaScript,UI/UX
16,28,6,7,18,33,67,3,4,1,C/C++,HTML/CSS,Tech Support
83,29,60,6,82,80,68,6,6,0,TensorFlow,Python,DATA Scientist
68,82,85,76,49,61,80,6,5,0,MySQL,Oracle,Database Administrator
72,45,84,84,78,81,84,8,6,2,Python,Ansible,Network Engineer
70,86,75,74,36,58,83,6,7,0,MySQL,Oracle,Database Administrator
98,79,77,80,84,94,75,10,7,5,Oracle,JavaScript,Software Engineer
67,82,77,60,36,69,68,7,3,0,Oracle,C/C++,Database Administrator
86,65,85,92,62,70,70,5,5,0,Python,BASH/SHELL,Network Engineer
21,15,9,21,13,23,80,4,6,1,Java,C/C++,Tech Support
81,75,90,83,72,98,71,7,6,8,Angular,Linux,Software Engineer
24,32,5,21,17,18,82,5,6,1,HTML/CSS,C/C++,Tech Support
83,90,79,75,79,94,63,7,6,5,Oracle,Java,Software Engineer
72,48,76,90,72,70,76,6,5,1,Ansible,Python,Network Engineer
29,26,33,40,26,25,58,3,9,5,HTML/CSS,Figma,UI/UX
84,48,88,99,79,80,88,5,6,2,Linux,Python,Network Engineer
35,37,59,29,33,39,75,3,7,5,GitHub,HTML/CSS,UI/UX
29,30,21,13,12,18,81,1,5,0,Java,C/C++,Tech Support
23,88,51,38,21,47,80,4,5,1,JavaScript,HTML/CSS,Web Developer
28,32,45,35,10,23,85,3,10,3,Photoshop,Figma,UI/UX
48,45,53,22,13,35,70,4,8,4,Photoshop,JavaScript,UI/UX
46,20,48,40,12,40,55,1,10,3,Figma,Photoshop,UI/UX
96,74,74,96,80,93,74,9,3,1,Deep Learning,PyTorch,DATA Scientist
83,61,87,97,85,70,87,5,6,1,BASH/SHELL,Python,Network Engineer
11,32,34,14,23,28,56,5,5,0,Java,C/C++,Tech Support
71,84,67,65,37,46,77,5,7,0,HTML/CSS,Linux,Database Administrator
74,87,65,64,78,74,60,9,7,1,R,Python,DATA Scientist
62,84,76,58,16,30,42,5,9,8,React,HTML/CSS,Web Developer
77,90,64,56,88,71,74,6,6,1,PyTorch,R,DATA Scientist
78,60,87,85,84,77,72,8,7,0,Python,Ansible,Network Engineer
92,84,78,77,82,84,70,8,6,4,C/C++,Java,Software Engineer
76,64,89,84,67,73,89,6,6,1,BASH/SHELL,Cisco Packet Tracer,Network Engineer
56,46,71,82,72,89,85,10,6,1,Python,Ansible,Network Engineer
92,83,81,81,70,84,62,10,6,7,Angular,HTML/CSS,Software Engineer
63,86,70,67,40,64,76,8,5,3,Oracle,MySQL,Database Administrator
16,28,19,11,4,43,78,5,6,0,HTML/CSS,Python,Tech Support
47,78,77,48,44,30,60,4,7,7,Node.js,Angular,Web Developer
64,91,73,74,45,47,82,7,7,3,C/C++,Linux,Database Administrator
96,78,81,85,78,98,70,8,6,5,Python,MySQL,Software Engineer
31,77,62,67,85,67,67,7,6,3,PyTorch,Machine Learning,DATA Scientist
=======
DSA,DBMS,OS,CN,Mathmetics,Aptitute,Comm,Problem Solving,Creative,Hackathons,Skill 1,Skill 2,Profile
67,82,77,40,19,40,48,6,9,9,JavaScript,HTML/CSS,Web Developer
22,45,89,75,8,36,54,2,8,3,HTML/CSS,Photoshop,UI/UX
34,45,39,49,24,36,62,4,8,4,Photoshop,GitHub,UI/UX
73,46,81,89,72,79,78,6,6,1,Cisco Packet Tracer,Wireshark,Network Engineer
32,22,51,39,23,17,81,4,10,5,JavaScript,Photoshop,UI/UX
73,82,66,62,93,79,61,7,6,1,PyTorch,R,DATA Scientist
31,18,13,34,21,42,78,1,5,1,C/C++,HTML/CSS,Tech Support
57,90,79,58,43,50,40,6,9,5,HTML/CSS,Angular,Web Developer
34,15,6,30,20,15,74,1,4,1,HTML/CSS,Java,Tech Support
87,40,87,79,88,65,85,7,6,2,Linux,Java,Network Engineer
59,88,84,37,40,40,43,3,7,10,JavaScript,HTML/CSS,Web Developer
40,97,71,40,22,44,79,6,8,4,Photoshop,JavaScript,UI/UX
61,79,83,42,40,33,46,6,7,6,Node.js,HTML/CSS,Web Developer
65,82,66,74,37,70,65,7,7,1,Oracle,HTML/CSS,Database Administrator
70,79,73,36,40,33,55,4,8,5,JavaScript,Node.js,Web Developer
21,34,8,5,5,16,83,2,6,0,Java,C/C++,Tech Support
65,77,94,56,43,35,40,4,7,7,Node.js,JavaScript,Web Developer
20,27,15,5,10,38,60,2,3,1,Python,HTML/CSS,Tech Support
61,85,90,56,45,40,49,4,7,6,GitHub,HTML/CSS,Web Developer
71,98,65,84,55,70,67,5,6,1,C/C++,Oracle,Database Administrator
61,27,64,40,27,31,71,1,7,3,GitHub,Photoshop,UI/UX
29,41,48,49,7,28,67,1,8,4,Figma,Photoshop,UI/UX
85,63,90,82,74,68,88,7,4,2,BASH/SHELL,Python,Network Engineer
87,10,50,63,9,74,70,6,4,1,Oracle,C/C++,Database Administrator
51,46,48,25,28,40,63,2,10,3,GitHub,Figma,UI/UX
66,88,77,54,42,32,56,4,9,6,GitHub,React,Web Developer
5,20,27,21,23,30,84,2,2,1,Python,HTML/CSS,Tech Support
20,35,20,11,12,37,60,1,6,0,HTML/CSS,Java,Tech Support
72,87,42,79,54,68,70,8,6,3,Python,MySQL,DATA Scientist
67,92,66,82,58,65,72,5,4,3,C/C++,Linux,Database Administrator
97,85,86,81,83,91,67,10,5,7,Python,JavaScript,Software Engineer
36,45,36,34,23,40,61,4,7,4,GitHub,Photoshop,UI/UX
84,67,76,98,67,78,70,6,4,1,Wireshark,Ansible,Network Engineer
63,83,91,38,21,38,58,3,7,10,GitHub,Node.js,Web Developer
82,86,62,63,82,65,61,9,6,4,Python,Deep Learning,DATA Scientist
62,39,64,34,9,31,89,3,10,5,HTML/CSS,Figma,UI/UX
32,91,33,54,15,55,74,6,5,2,Oracle,HTML/CSS,Database Administrator
32,26,35,32,19,21,75,2,6,1,HTML/CSS,Java,Tech Support
71,95,88,81,49,62,67,5,3,3,HTML/CSS,C/C++,Database Administrator
57,81,88,69,48,50,67,5,5,0,C/C++,Linux,Database Administrator
56,79,81,53,16,50,49,6,9,10,Node.js,JavaScript,Web Developer
75,96,78,85,37,71,68,5,7,1,HTML/CSS,MySQL,Database Administrator
90,76,84,76,78,87,76,8,5,4,MySQL,React,Software Engineer
16,6,34,10,19,19,85,1,6,1,Java,HTML/CSS,Tech Support
47,49,60,21,29,28,73,2,10,4,Photoshop,JavaScript,UI/UX
49,46,49,34,24,27,55,2,10,4,GitHub,JavaScript,UI/UX
84,84,86,75,76,93,66,7,7,4,Java,Angular,Software Engineer
24,27,14,34,6,42,84,3,6,1,Java,HTML/CSS,Tech Support
56,81,77,83,57,58,78,4,5,3,C/C++,MySQL,Database Administrator
74,83,64,63,93,77,80,9,4,4,Machine Learning,R,DATA Scientist
65,87,88,73,59,53,69,4,3,3,MySQL,Oracle,Database Administrator
94,87,80,94,74,81,73,10,5,3,Python,C/C++,Software Engineer
6,31,16,12,21,30,61,2,6,0,Python,C/C++,Tech Support
96,77,79,89,72,98,61,8,5,8,HTML/CSS,JavaScript,Software Engineer
51,89,94,53,18,36,55,6,9,5,Angular,React,Web Developer
84,57,79,93,75,81,70,5,4,2,Ansible,Cisco Packet Tracer,Network Engineer
69,88,75,72,42,54,69,6,6,3,C/C++,MySQL,Database Administrator
83,76,61,66,93,62,74,6,6,4,R,Python,DATA Scientist
54,85,76,49,39,44,40,6,9,4,Node.js,GitHub,Web Developer
81,70,68,59,78,83,78,9,4,1,Python,R,DATA Scientist
14,8,35,31,13,39,67,1,4,0,Python,C/C++,Tech Support
84,88,66,70,83,71,80,8,5,3,PyTorch,Machine Learning,DATA Scientist
57,76,77,57,42,30,42,6,9,5,GitHub,Node.js,Web Developer
27,14,18,13,3,23,66,1,5,1,C/C++,Python,Tech Support
78,86,74,66,79,69,62,8,4,1,TensorFlow,Machine Learning,DATA Scientist
75,6,81,74,83,87,76,6,5,2,Python,Java,Software Engineer
81,82,72,99,68,54,78,9,6,1,Java,MySQL,Software Engineer
77,50,80,97,68,75,70,8,6,1,Python,Linux,Network Engineer
48,77,92,60,20,45,50,3,7,5,Angular,Node.js,Web Developer
22,37,55,32,24,37,90,4,10,5,HTML/CSS,Figma,UI/UX
96,81,83,77,71,90,76,7,7,3,HTML/CSS,Angular,Software Engineer
92,80,85,76,77,86,62,10,6,5,Java,Oracle,Software Engineer
74,31,86,76,97,14,75,10,3,1,C/C++,Java,Software Engineer
79,89,68,58,95,62,74,6,6,1,TensorFlow,Machine Learning,DATA Scientist
92,92,86,87,71,85,69,10,6,4,Python,Oracle,Software Engineer
70,84,79,83,39,74,74,7,3,3,MySQL,C/C++,Database Administrator
67,82,72,58,15,30,42,3,8,9,GitHub,HTML/CSS,Web Developer
18,12,10,28,22,31,55,5,3,1,Java,HTML/CSS,Tech Support
65,68,79,96,62,76,80,8,5,2,Ansible,C/C++,Network Engineer
91,84,75,82,72,99,68,10,5,4,C/C++,Python,Software Engineer
85,50,76,82,82,73,90,6,4,2,Linux,Ansible,Network Engineer
72,74,73,60,87,82,65,7,6,4,TensorFlow,R,DATA Scientist
35,10,12,18,6,39,81,3,6,1,Java,C/C++,Tech Support
24,19,35,6,12,36,58,1,2,0,HTML/CSS,C/C++,Tech Support
64,75,90,39,22,34,44,5,8,7,Angular,GitHub,Web Developer
28,22,24,20,23,37,83,5,3,1,Python,HTML/CSS,Tech Support
70,84,71,62,89,67,78,9,5,3,R,TensorFlow,DATA Scientist
74,97,82,84,36,60,81,7,6,1,HTML/CSS,C/C++,Database Administrator
34,39,33,33,24,26,61,1,9,5,Figma,JavaScript,UI/UX
6,15,28,31,18,31,63,5,2,1,HTML/CSS,Java,Tech Support
54,81,78,42,53,64,69,5,7,0,MySQL,C/C++,Database Administrator
74,87,77,77,51,58,66,4,4,3,Linux,C/C++,Database Administrator
65,85,74,54,16,36,50,3,9,5,GitHub,Angular,Web Developer
47,41,30,49,2,36,63,2,10,5,GitHub,HTML/CSS,UI/UX
24,24,28,26,6,25,80,3,5,1,Python,HTML/CSS,Tech Support
74,91,71,64,50,54,78,6,5,2,HTML/CSS,C/C++,Database Administrator
30,32,17,10,8,15,80,3,6,0,HTML/CSS,C/C++,Tech Support
63,82,65,73,57,54,75,7,3,1,C/C++,MySQL,Database Administrator
57,83,85,39,25,46,51,4,7,5,JavaScript,Node.js,Web Developer
72,57,86,100,74,79,77,6,4,1,Ansible,Cisco Packet Tracer,Network Engineer
65,85,71,38,19,35,45,3,8,4,Node.js,JavaScript,Web Developer
80,72,68,66,79,82,72,9,5,2,PyTorch,R,DATA Scientist
22,50,55,23,18,34,81,3,9,5,Photoshop,GitHub,UI/UX
83,53,76,88,78,67,87,5,7,1,Cisco Packet Tracer,Wireshark,Network Engineer
99,76,76,77,85,82,63,8,5,5,Java,JavaScript,Software Engineer
36,89,65,83,42,75,80,4,4,0,Oracle,HTML/CSS,Database Administrator
94,89,84,81,74,80,60,9,7,8,C/C++,JavaScript,Software Engineer
88,72,75,95,80,69,85,8,7,0,Wireshark,Ansible,Network Engineer
61,86,87,43,32,41,58,3,9,5,Node.js,HTML/CSS,Web Developer
76,98,82,77,89,84,86,6,6,0,Wireshark,Cisco Packet Tracer,Network Engineer
71,87,71,59,83,61,80,8,5,1,Python,TensorFlow,DATA Scientist
74,100,85,73,65,59,78,6,6,0,HTML/CSS,C/C++,Database Administrator
28,31,7,16,16,45,62,4,5,1,Python,C/C++,Tech Support
88,89,75,82,83,96,71,8,7,7,Oracle,MySQL,Software Engineer
26,15,74,51,49,17,74,3,7,5,HTML/CSS,Angular,Web Developer
61,82,85,66,58,62,67,6,7,0,HTML/CSS,MySQL,Database Administrator
77,91,84,77,78,94,74,10,6,8,JavaScript,HTML/CSS,Software Engineer
26,20,25,33,25,17,85,1,6,0,C/C++,Python,Tech Support
84,56,80,82,77,75,77,8,5,2,Ansible,BASH/SHELL,Network Engineer
27,31,36,46,29,31,85,4,9,5,HTML/CSS,Photoshop,UI/UX
47,87,88,52,31,40,59,4,9,5,Node.js,Angular,Web Developer
51,75,67,63,51,61,65,7,5,3,R,TensorFlow,DATA Scientist
56,83,85,35,33,36,50,5,7,5,HTML/CSS,Node.js,Web Developer
95,91,84,67,98,84,62,8,4,7,Linux,Oracle,Database Administrator
79,78,61,58,79,74,71,9,6,2,TensorFlow,PyTorch,DATA Scientist
84,62,76,92,80,79,87,7,7,2,Linux,Cisco Packet Tracer,Network Engineer
28,34,41,47,18,16,59,1,7,3,Figma,Photoshop,UI/UX
49,98,77,74,52,61,77,6,6,1,C/C++,Linux,Database Administrator
74,51,79,100,76,77,74,6,6,1,Ansible,Linux,Network Engineer
32,37,40,29,33,14,61,3,7,5,Figma,GitHub,UI/UX
78,79,84,88,84,99,74,7,5,7,C/C++,Angular,Software Engineer
18,20,13,15,28,20,66,4,5,1,Java,Java,Tech Support
61,100,70,61,62,72,82,4,5,3,Linux,C/C++,Database Administrator
43,45,44,46,27,14,69,1,9,3,Photoshop,HTML/CSS,UI/UX
71,88,88,70,58,52,82,4,6,2,C/C++,Oracle,Database Administrator
31,22,30,49,4,23,62,2,9,4,GitHub,JavaScript,UI/UX
82,66,76,90,81,72,72,6,5,0,Cisco Packet Tracer,Wireshark,Network Engineer
65,90,87,51,31,39,60,4,8,5,Angular,React,Web Developer
82,63,86,94,70,72,88,6,4,0,Ansible,Python,Network Engineer
23,30,13,34,8,22,61,5,6,0,Python,HTML/CSS,Tech Support
65,40,59,51,73,44,71,4,9,1,Oracle,GitHub,Tech Support
55,84,74,51,32,38,52,6,7,6,GitHub,React,Web Developer
63,81,82,75,55,50,77,7,3,2,MySQL,Oracle,Database Administrator
23,77,74,87,4,17,70,1,4,5,Python,Figma,Tech Support
76,69,79,85,80,69,75,5,4,1,Ansible,Cisco Packet Tracer,Network Engineer
80,54,89,85,77,75,83,5,6,0,Python,Cisco Packet Tracer,Network Engineer
80,83,63,58,82,64,80,9,5,2,Deep Learning,Machine Learning,DATA Scientist
97,88,78,89,74,86,63,10,7,4,MySQL,Java,Software Engineer
64,100,78,71,64,66,71,4,4,1,Oracle,C/C++,Database Administrator
87,98,74,65,89,87,63,6,5,0,Linux,MySQL,Database Administrator
35,7,24,27,3,43,77,2,4,1,C/C++,Java,Tech Support
55,84,82,43,30,42,44,3,8,9,Angular,HTML/CSS,Web Developer
60,87,85,60,29,49,51,6,9,9,HTML/CSS,GitHub,Web Developer
32,35,39,35,28,30,79,2,10,3,HTML/CSS,Photoshop,UI/UX
63,86,66,67,57,49,70,5,4,2,MySQL,Linux,Database Administrator
97,75,81,88,85,84,64,9,7,4,MySQL,C/C++,Software Engineer
61,97,67,71,41,50,79,6,7,2,Linux,Oracle,Database Administrator
61,92,73,76,61,73,72,4,7,0,HTML/CSS,Linux,Database Administrator
81,92,82,90,83,92,60,9,7,5,React,C/C++,Software Engineer
73,63,76,82,79,85,90,6,5,2,Wireshark,Python,Network Engineer
59,80,68,67,50,52,68,7,5,3,C/C++,MySQL,Database Administrator
23,31,30,38,10,13,72,4,8,5,HTML/CSS,Figma,UI/UX
78,85,90,82,71,99,74,8,7,4,React,C/C++,Software Engineer
95,99,33,67,97,67,62,7,5,3,Deep Learning,TensorFlow,DATA Scientist
43,25,53,21,4,38,64,1,7,3,Photoshop,JavaScript,UI/UX
96,89,87,77,77,80,69,10,6,8,Angular,C/C++,Software Engineer
78,91,87,76,83,81,72,9,7,5,Linux,Angular,Software Engineer
84,99,70,51,56,51,83,8,5,2,GitHub,Linux,Database Administrator
74,81,76,63,56,70,66,6,7,2,C/C++,Linux,Database Administrator
44,23,49,22,18,35,89,2,9,4,GitHub,HTML/CSS,UI/UX
58,82,78,50,31,39,45,4,8,4,React,HTML/CSS,Web Developer
83,75,79,84,85,80,64,8,5,5,Linux,Angular,Software Engineer
84,50,78,81,83,70,71,6,4,2,Wireshark,Python,Network Engineer
39,36,58,27,29,14,64,4,9,5,Figma,HTML/CSS,UI/UX
83,71,62,60,84,80,74,7,5,3,TensorFlow,PyTorch,DATA Scientist
84,69,89,86,81,72,81,6,7,2,BASH/SHELL,Ansible,Network Engineer
88,73,82,89,79,84,72,6,5,2,Wireshark,Ansible,Network Engineer
83,76,79,81,85,80,62,10,5,3,Python,JavaScript,Software Engineer
87,83,89,79,80,82,65,10,7,5,MySQL,C/C++,Software Engineer
31,32,7,20,6,22,72,5,3,0,HTML/CSS,Java,Tech Support
98,75,89,90,70,85,66,8,7,4,Oracle,C/C++,Software Engineer
25,32,43,50,27,27,89,1,10,4,GitHub,Photoshop,UI/UX
27,35,54,39,0,33,60,3,10,3,Photoshop,HTML/CSS,UI/UX
84,80,58,63,75,68,65,9,7,2,Deep Learning,R,DATA Scientist
88,54,81,86,33,72,71,5,5,1,Ansible,Python,Network Engineer
82,77,69,67,75,76,61,7,5,3,R,Machine Learning,DATA Scientist
31,42,51,24,25,38,80,4,8,3,Figma,JavaScript,UI/UX
28,6,47,76,48,49,83,4,9,3,Java,HTML/CSS,Web Developer
54,78,94,45,43,40,53,6,7,4,HTML/CSS,JavaScript,Web Developer
69,90,69,63,59,69,83,6,7,0,Linux,MySQL,Database Administrator
76,65,75,98,79,76,82,7,5,0,Cisco Packet Tracer,Wireshark,Network Engineer
76,87,87,89,85,88,73,7,5,4,Python,HTML/CSS,Software Engineer
80,63,87,82,79,69,75,8,4,1,Wireshark,Python,Network Engineer
74,57,84,99,70,84,84,6,4,0,Linux,Ansible,Network Engineer
31,18,9,11,1,38,63,2,6,0,C/C++,Java,Tech Support
32,15,34,45,20,38,76,4,10,4,Photoshop,Figma,UI/UX
86,70,82,80,77,68,87,7,5,1,Ansible,Linux,Network Engineer
77,92,88,82,82,88,69,7,7,8,MySQL,Linux,Software Engineer
61,95,86,64,65,74,78,6,5,0,C/C++,MySQL,Database Administrator
64,86,70,79,62,59,69,6,7,2,Linux,HTML/CSS,Database Administrator
78,68,80,86,73,82,76,6,4,1,Python,Wireshark,Network Engineer
72,86,73,56,93,71,63,7,7,1,Python,PyTorch,DATA Scientist
91,92,85,79,81,88,77,9,7,3,Java,Python,Software Engineer
59,90,73,45,43,36,46,4,8,10,React,GitHub,Web Developer
35,28,38,46,25,21,60,3,9,5,Photoshop,HTML/CSS,UI/UX
72,74,60,65,98,65,63,9,6,1,Deep Learning,Machine Learning,DATA Scientist
25,34,12,15,13,26,72,1,4,1,Python,Java,Tech Support
81,60,80,99,81,75,74,6,6,2,Ansible,Cisco Packet Tracer,Network Engineer
86,64,89,80,78,73,75,6,4,2,Wireshark,Cisco Packet Tracer,Network Engineer
94,90,80,80,75,99,65,10,6,7,C/C++,JavaScript,Software Engineer
57,84,70,50,30,42,51,5,9,6,React,Angular,Web Developer
79,70,72,67,96,62,70,6,5,1,Deep Learning,PyTorch,DATA Scientist
53,82,73,38,28,43,49,4,8,7,Node.js,Angular,Web Developer
32,9,10,9,1,45,75,5,2,0,Python,Java,Tech Support
67,91,81,76,36,50,71,7,6,0,MySQL,Oracle,Database Administrator
81,75,80,85,81,89,63,8,5,8,C/C++,Linux,Software Engineer
65,92,79,70,37,72,68,7,5,3,HTML/CSS,MySQL,Database Administrator
48,88,75,52,20,41,57,3,9,6,React,JavaScript,Web Developer
61,89,85,63,56,61,80,7,5,0,C/C++,HTML/CSS,Database Administrator
69,88,84,57,34,43,56,5,8,9,Angular,JavaScript,Web Developer
85,70,67,58,96,85,74,7,6,2,TensorFlow,Deep Learning,DATA Scientist
66,93,86,75,51,47,82,4,3,3,Linux,C/C++,Database Administrator
81,85,57,64,85,83,64,9,6,4,TensorFlow,Python,DATA Scientist
20,81,68,56,37,63,61,6,5,1,Python,TensorFlow,DATA Scientist
51,41,71,34,53,39,63,4,9,7,JavaScript,HTML/CSS,Web Developer
84,85,64,70,96,66,68,9,5,4,Python,Machine Learning,DATA Scientist
48,25,51,29,1,29,80,1,9,4,Photoshop,GitHub,UI/UX
33,28,43,31,12,28,85,4,10,5,Figma,GitHub,UI/UX
75,86,79,79,71,86,65,7,6,6,Java,React,Software Engineer
12,9,45,6,18,23,67,1,8,2,Photoshop,Java,UI/UX
6,11,12,12,16,22,61,5,3,1,C/C++,Python,Tech Support
81,71,68,66,95,64,67,8,6,2,TensorFlow,PyTorch,DATA Scientist
25,20,41,22,15,33,56,4,9,3,Photoshop,GitHub,UI/UX
80,70,61,64,84,60,72,6,4,1,Python,Deep Learning,DATA Scientist
93,79,83,77,74,86,63,8,6,3,JavaScript,C/C++,Software Engineer
80,70,72,57,97,76,71,9,4,1,Deep Learning,R,DATA Scientist
55,90,81,36,29,33,46,4,7,5,JavaScript,Node.js,Web Developer
50,27,46,40,19,15,83,3,9,5,JavaScript,Figma,UI/UX
26,16,14,32,4,20,73,1,3,0,C/C++,Python,Tech Support
74,73,75,96,72,79,73,8,7,0,BASH/SHELL,Cisco Packet Tracer,Network Engineer
81,63,81,95,83,80,83,7,6,0,Linux,Cisco Packet Tracer,Network Engineer
96,89,84,77,83,95,69,10,5,6,Angular,JavaScript,Software Engineer
72,56,78,94,77,82,74,5,5,0,Linux,BASH/SHELL,Network Engineer
73,86,59,62,86,60,70,6,6,2,Python,TensorFlow,DATA Scientist
21,33,48,31,4,25,87,1,7,4,Figma,GitHub,UI/UX
83,82,69,55,87,85,64,8,5,1,PyTorch,Deep Learning,DATA Scientist
13,25,22,19,1,31,58,1,2,1,C/C++,HTML/CSS,Tech Support
79,9,69,65,98,87,75,7,5,3,TensorFlow,Machine Learning,DATA Scientist
74,64,76,87,71,68,78,6,6,1,Cisco Packet Tracer,BASH/SHELL,Network Engineer
5,35,11,27,2,16,59,3,2,1,Python,Java,Tech Support
83,82,66,60,96,63,61,9,5,1,TensorFlow,Python,DATA Scientist
72,57,89,81,69,69,72,7,7,2,Wireshark,Python,Network Engineer
56,91,69,60,44,62,84,6,5,3,MySQL,HTML/CSS,Database Administrator
78,73,59,58,85,60,79,8,7,2,PyTorch,Machine Learning,DATA Scientist
48,80,88,47,41,39,43,3,9,4,Node.js,HTML/CSS,Web Developer
84,70,85,100,73,77,71,6,6,2,Cisco Packet Tracer,Python,Network Engineer
73,69,87,99,68,79,83,8,5,0,Python,Wireshark,Network Engineer
81,78,80,85,75,84,72,9,5,8,HTML/CSS,Python,Software Engineer
79,54,80,97,76,74,88,7,4,1,Python,Ansible,Network Engineer
70,76,58,70,98,65,70,6,4,2,Deep Learning,TensorFlow,DATA Scientist
60,88,73,49,19,36,58,3,8,7,JavaScript,HTML/CSS,Web Developer
64,87,79,82,40,55,67,6,6,1,Linux,MySQL,Database Administrator
48,27,50,39,21,38,86,3,10,3,JavaScript,Figma,UI/UX
14,6,32,25,21,39,60,2,2,1,Python,Java,Tech Support
58,82,83,36,28,46,52,5,9,6,JavaScript,Angular,Web Developer
58,84,85,40,19,34,49,5,9,10,GitHub,HTML/CSS,Web Developer
75,62,85,84,79,67,87,8,6,2,Ansible,BASH/SHELL,Network Engineer
79,70,88,97,68,74,82,5,6,1,BASH/SHELL,Python,Network Engineer
70,84,84,81,42,71,65,7,3,0,Oracle,Linux,Database Administrator
83,89,88,88,80,93,76,10,7,5,Java,Angular,Software Engineer
55,80,87,52,37,31,53,4,8,10,GitHub,Angular,Web Developer
87,53,89,90,76,78,87,6,6,1,Wireshark,Ansible,Network Engineer
60,77,83,46,39,40,51,5,7,10,JavaScript,HTML/CSS,Web Developer
90,85,85,90,73,86,75,9,7,6,MySQL,Linux,Software Engineer
66,90,91,41,29,36,47,5,7,7,JavaScript,HTML/CSS,Web Developer
33,33,17,10,6,33,74,3,6,0,Java,HTML/CSS,Tech Support
88,69,86,85,74,72,78,6,6,2,Python,Wireshark,Network Engineer
75,70,59,69,91,66,65,7,5,3,PyTorch,Machine Learning,DATA Scientist
87,94,25,65,89,66,73,7,6,1,R,R,DATA Scientist
59,82,73,60,42,38,44,6,7,8,HTML/CSS,GitHub,Web Developer
45,30,53,25,0,32,68,4,9,4,Photoshop,JavaScript,UI/UX
94,91,89,89,84,93,72,7,7,8,C/C++,MySQL,Software Engineer
45,50,38,43,18,17,79,4,7,4,HTML/CSS,GitHub,UI/UX
62,80,71,85,42,72,80,5,3,0,C/C++,MySQL,Database Administrator
94,86,75,88,78,86,76,7,7,4,Java,HTML/CSS,Software Engineer
64,97,79,74,45,73,65,6,5,1,Oracle,HTML/CSS,Database Administrator
79,73,88,92,80,70,78,6,7,2,Python,Wireshark,Network Engineer
8,23,10,14,0,40,72,4,5,0,HTML/CSS,Python,Tech Support
80,75,68,66,85,61,65,9,4,4,R,Deep Learning,DATA Scientist
74,56,86,89,74,76,78,7,5,0,Ansible,BASH/SHELL,Network Engineer
63,82,87,51,33,35,59,6,9,7,Angular,HTML/CSS,Web Developer
14,16,33,8,21,44,58,3,6,0,C/C++,Java,Tech Support
7,22,25,33,8,29,71,3,5,0,Python,HTML/CSS,Tech Support
74,84,68,63,97,60,61,9,6,3,R,TensorFlow,DATA Scientist
32,38,46,26,25,15,57,4,10,5,GitHub,HTML/CSS,UI/UX
74,64,85,87,75,81,87,5,6,1,Wireshark,BASH/SHELL,Network Engineer
56,96,75,65,45,73,76,6,6,1,Oracle,Linux,Database Administrator
98,80,85,84,82,81,60,7,6,7,Linux,React,Software Engineer
20,19,28,23,13,21,80,4,4,0,MySQL,HTML/CSS,Tech Support
79,84,83,77,71,94,74,8,7,5,JavaScript,React,Software Engineer
85,80,59,59,77,77,60,8,7,3,Python,R,DATA Scientist
73,80,88,71,57,62,84,7,5,3,Oracle,C/C++,Database Administrator
51,87,83,45,45,50,53,6,8,7,Node.js,GitHub,Web Developer
23,48,32,28,23,38,73,1,10,5,Photoshop,Figma,UI/UX
46,10,32,13,1,45,81,3,5,1,HTML/CSS,C/C++,Tech Support
79,64,86,100,85,74,87,7,6,0,BASH/SHELL,Python,Network Engineer
17,18,13,33,21,31,69,4,4,1,HTML/CSS,C/C++,Tech Support
69,87,87,40,15,34,57,5,8,6,GitHub,Node.js,Web Developer
83,78,63,60,89,77,79,8,4,1,TensorFlow,Deep Learning,DATA Scientist
57,90,71,75,70,78,89,5,5,1,Linux,Oracle,Database Administrator
20,17,10,16,22,18,60,5,5,0,Python,Java,Tech Support
76,81,56,65,99,74,63,8,4,1,TensorFlow,R,DATA Scientist
60,80,84,40,24,50,49,4,8,5,Angular,HTML/CSS,Web Developer
63,86,68,82,61,72,85,5,5,1,Oracle,Linux,Database Administrator
15,6,29,19,1,15,75,3,4,1,Java,C/C++,Tech Support
41,50,50,43,24,31,74,4,8,5,GitHub,Photoshop,UI/UX
25,35,49,48,0,29,77,3,8,3,Photoshop,GitHub,UI/UX
32,6,26,32,14,37,67,3,4,0,HTML/CSS,Java,Tech Support
80,75,61,58,99,80,64,9,5,4,R,Machine Learning,DATA Scientist
75,99,71,80,35,58,71,7,3,2,Linux,Oracle,Database Administrator
58,86,83,62,40,74,78,6,6,1,C/C++,MySQL,Database Administrator
10,26,5,12,10,24,58,1,3,1,HTML/CSS,Java,Tech Support
91,91,85,75,80,96,64,7,5,6,Python,HTML/CSS,Software Engineer
76,88,66,70,78,68,67,6,7,2,Python,PyTorch,DATA Scientist
54,80,84,58,23,33,58,3,9,7,JavaScript,GitHub,Web Developer
76,66,79,99,70,85,75,8,5,1,Python,Wireshark,Network Engineer
73,82,81,71,48,86,69,8,7,3,React,MySQL,Software Engineer
19,29,21,23,16,28,55,4,2,1,Java,HTML/CSS,Tech Support
27,12,13,31,2,30,82,1,2,0,HTML/CSS,C/C++,Tech Support
79,92,78,80,74,85,74,10,6,4,Java,HTML/CSS,Software Engineer
24,41,52,46,35,25,71,1,9,3,HTML/CSS,Photoshop,UI/UX
80,82,59,69,93,84,64,9,5,4,Python,Machine Learning,DATA Scientist
43,38,49,38,30,31,81,3,9,3,HTML/CSS,JavaScript,UI/UX
54,88,86,57,15,50,44,3,8,10,GitHub,HTML/CSS,Web Developer
68,85,66,72,46,66,78,6,6,1,HTML/CSS,C/C++,Database Administrator
99,75,77,82,76,90,71,8,7,8,JavaScript,Linux,Software Engineer
62,93,74,83,46,69,73,5,7,0,C/C++,Oracle,Database Administrator
81,63,77,80,74,71,86,7,4,0,Ansible,Wireshark,Network Engineer
11,20,27,15,10,36,69,2,5,1,Python,HTML/CSS,Tech Support
82,58,88,83,81,72,70,6,4,1,Linux,Wireshark,Network Engineer
99,83,84,85,76,90,74,9,7,6,Angular,Oracle,Software Engineer
53,37,70,39,16,35,77,2,6,0,HTML/CSS,GitHub,Web Developer
79,75,87,76,74,97,73,7,6,7,Python,Java,Software Engineer
25,33,55,40,4,31,82,1,7,4,Photoshop,GitHub,UI/UX
33,38,46,32,29,16,74,2,10,4,Photoshop,JavaScript,UI/UX
50,88,89,45,27,37,42,4,9,8,GitHub,Angular,Web Developer
75,90,72,67,92,85,72,9,5,1,TensorFlow,Python,DATA Scientist
74,79,56,69,92,67,79,7,4,3,Deep Learning,Python,DATA Scientist
62,82,80,51,34,39,51,3,7,7,Angular,JavaScript,Web Developer
93,78,89,75,72,95,67,7,7,3,React,JavaScript,Software Engineer
79,49,75,100,79,72,78,7,6,2,BASH/SHELL,Cisco Packet Tracer,Network Engineer
47,26,40,28,22,38,84,2,8,5,HTML/CSS,JavaScript,UI/UX
87,86,78,87,82,87,76,10,7,5,Python,C/C++,Software Engineer
32,10,20,15,5,26,84,5,3,0,HTML/CSS,Java,Tech Support
83,91,76,78,75,84,74,9,7,4,HTML/CSS,JavaScript,Software Engineer
80,88,83,90,73,80,72,10,6,6,Oracle,HTML/CSS,Software Engineer
73,74,61,56,75,76,67,8,4,3,Deep Learning,R,DATA Scientist
70,83,76,39,20,42,59,5,8,5,GitHub,JavaScript,Web Developer
23,38,53,26,29,14,65,4,10,3,HTML/CSS,JavaScript,UI/UX
81,82,80,79,81,96,68,7,6,4,HTML/CSS,MySQL,Software Engineer
10,16,16,25,5,17,67,2,2,0,HTML/CSS,Java,Tech Support
83,83,54,51,46,40,70,5,7,3,Angular,JavaScript,Web Developer
63,31,86,57,2,48,48,4,9,1,JavaScript,JavaScript,Web Developer
82,71,73,63,96,72,74,9,7,4,Deep Learning,PyTorch,DATA Scientist
71,82,70,78,35,66,65,4,7,1,MySQL,Linux,Database Administrator
79,81,76,77,82,80,62,10,6,7,HTML/CSS,Python,Software Engineer
55,87,82,75,40,51,65,7,6,2,Angular,Oracle,Database Administrator
73,58,81,90,72,79,89,5,7,2,Python,Cisco Packet Tracer,Network Engineer
6,75,72,70,31,61,66,7,7,4,C/C++,C/C++,Software Engineer
65,98,88,61,37,64,66,5,7,3,HTML/CSS,MySQL,Database Administrator
99,88,82,79,84,90,70,7,6,8,Linux,Angular,Software Engineer
51,78,73,42,44,43,53,5,7,10,React,Angular,Web Developer
68,83,86,47,31,48,60,3,7,6,JavaScript,React,Web Developer
79,40,92,12,11,17,77,4,9,3,HTML/CSS,Photoshop,UI/UX
78,88,57,61,77,84,71,6,7,1,Deep Learning,R,DATA Scientist
76,80,81,87,76,95,72,7,5,6,C/C++,JavaScript,Software Engineer
75,63,88,99,85,83,84,8,4,1,Linux,Ansible,Network Engineer
81,82,86,89,70,93,77,10,7,8,Java,Python,Software Engineer
58,85,81,55,15,50,43,4,9,6,Node.js,GitHub,Web Developer
84,77,78,82,75,89,71,9,6,3,Angular,MySQL,Software Engineer
72,81,75,69,78,69,71,8,5,1,Deep Learning,Python,DATA Scientist
70,86,92,36,26,46,40,5,8,4,JavaScript,HTML/CSS,Web Developer
60,76,73,42,26,35,41,4,9,8,Node.js,React,Web Developer
31,50,34,26,31,40,81,2,9,3,GitHub,HTML/CSS,UI/UX
80,84,76,82,74,83,63,10,7,4,JavaScript,Angular,Software Engineer
26,34,58,46,29,18,64,1,7,5,Figma,Photoshop,UI/UX
69,82,71,37,32,48,45,6,7,4,GitHub,React,Web Developer
31,33,52,32,27,37,80,4,9,3,GitHub,Photoshop,UI/UX
75,95,74,71,35,47,70,4,5,2,HTML/CSS,Linux,Database Administrator
49,86,83,53,42,49,45,5,8,7,React,Angular,Web Developer
40,36,44,44,8,18,81,3,8,3,Photoshop,Figma,UI/UX
28,32,34,42,9,28,67,4,10,4,HTML/CSS,Photoshop,UI/UX
97,84,89,77,83,80,75,7,7,3,Linux,HTML/CSS,Software Engineer
50,84,73,35,19,40,43,4,8,4,JavaScript,Angular,Web Developer
22,80,55,63,61,64,85,7,5,3,Oracle,PyTorch,Database Administrator
73,82,59,55,83,61,61,6,5,1,TensorFlow,PyTorch,DATA Scientist
82,92,86,88,75,98,69,9,7,6,JavaScript,HTML/CSS,Software Engineer
76,72,89,88,78,78,80,6,6,2,Ansible,Linux,Network Engineer
16,7,33,27,15,35,61,2,2,1,HTML/CSS,Java,Tech Support
18,22,29,11,19,29,60,4,2,0,HTML/CSS,C/C++,Tech Support
25,27,42,46,20,26,67,1,10,5,GitHub,Figma,UI/UX
94,82,83,90,71,90,73,7,6,8,Angular,HTML/CSS,Software Engineer
83,79,62,60,81,67,66,6,4,2,Python,PyTorch,DATA Scientist
65,88,83,55,19,44,49,3,8,8,React,Angular,Web Developer
82,72,88,91,79,85,85,6,7,1,Wireshark,Linux,Network Engineer
86,11,45,75,50,84,89,8,5,2,Linux,Linux,Database Administrator
20,33,25,7,13,31,62,3,2,0,C/C++,Python,Tech Support
82,82,65,70,86,82,76,7,4,3,R,Machine Learning,DATA Scientist
58,85,93,47,34,37,53,4,7,9,Node.js,React,Web Developer
81,92,76,75,74,89,76,10,5,5,Oracle,C/C++,Software Engineer
84,91,80,63,98,82,72,9,6,1,Cisco Packet Tracer,TensorFlow,Network Engineer
22,29,26,15,8,18,82,2,3,0,HTML/CSS,C/C++,Tech Support
45,60,15,26,7,49,40,5,9,3,GitHub,Figma,UI/UX
64,90,71,53,16,38,43,3,9,10,JavaScript,GitHub,Web Developer
27,40,36,33,33,27,74,3,9,4,HTML/CSS,GitHub,UI/UX
76,73,81,89,81,71,77,7,6,1,Ansible,Cisco Packet Tracer,Network Engineer
83,56,83,97,80,74,90,6,7,1,Python,Linux,Network Engineer
43,27,58,39,16,39,86,2,8,3,Figma,Photoshop,UI/UX
72,71,80,88,78,80,82,6,6,1,BASH/SHELL,Wireshark,Network Engineer
62,81,92,45,34,34,41,3,9,10,HTML/CSS,Node.js,Web Developer
74,71,89,87,76,81,78,7,7,0,Wireshark,Linux,Network Engineer
84,88,70,62,77,64,63,8,7,3,Python,PyTorch,DATA Scientist
49,28,31,49,11,21,89,2,10,4,GitHub,Figma,UI/UX
53,89,95,38,25,31,43,5,8,8,HTML/CSS,Node.js,Web Developer
50,42,50,21,6,13,80,3,8,3,JavaScript,HTML/CSS,UI/UX
90,85,78,86,72,91,63,8,6,6,JavaScript,Linux,Software Engineer
52,29,33,28,29,27,60,2,10,4,Figma,JavaScript,UI/UX
7,78,14,84,56,85,68,5,7,1,HTML/CSS,Java,Software Engineer
80,76,82,79,70,81,72,8,6,3,JavaScript,MySQL,Software Engineer
57,87,80,62,60,73,71,5,4,2,C/C++,Linux,Database Administrator
30,31,23,26,12,32,59,5,6,0,Python,Java,Tech Support
35,15,31,33,3,44,64,5,5,1,Java,Python,Tech Support
73,81,79,63,51,45,71,4,4,0,HTML/CSS,C/C++,Database Administrator
67,100,78,75,35,74,67,5,7,1,MySQL,Linux,Database Administrator
84,47,75,99,73,78,70,7,4,0,Python,BASH/SHELL,Network Engineer
56,72,81,97,50,72,70,8,4,2,Linux,HTML/CSS,Network Engineer
73,91,86,69,37,63,76,4,5,0,Linux,Oracle,Database Administrator
55,96,79,73,65,52,79,6,6,2,Linux,HTML/CSS,Database Administrator
73,81,80,83,53,65,69,4,4,0,Linux,MySQL,Database Administrator
59,94,83,78,47,64,66,5,6,0,MySQL,C/C++,Database Administrator
88,81,87,77,85,98,61,7,6,5,Python,JavaScript,Software Engineer
33,37,35,29,4,19,55,3,9,3,HTML/CSS,Figma,UI/UX
78,87,68,63,88,62,79,9,7,1,PyTorch,TensorFlow,DATA Scientist
99,77,79,77,75,91,61,8,7,5,React,Python,Software Engineer
79,85,62,60,78,62,63,6,7,2,Python,TensorFlow,DATA Scientist
40,34,36,29,9,24,72,4,9,3,JavaScript,Photoshop,UI/UX
58,92,71,80,63,61,79,7,4,0,Linux,HTML/CSS,Database Administrator
24,14,29,35,2,23,56,5,3,0,Java,C/C++,Tech Support
88,55,79,100,75,70,70,6,6,0,Wireshark,Cisco Packet Tracer,Network Engineer
21,6,15,33,20,26,61,3,2,0,Java,HTML/CSS,Tech Support
8,11,5,5,5,31,75,3,4,0,C/C++,HTML/CSS,Tech Support
78,72,59,67,91,73,74,7,5,4,Python,TensorFlow,DATA Scientist
79,83,87,78,77,96,68,7,6,4,Python,MySQL,Software Engineer
43,49,38,49,2,33,55,3,8,5,Figma,Photoshop,UI/UX
12,12,23,28,19,27,73,3,5,1,HTML/CSS,Java,Tech Support
75,87,60,62,89,85,71,9,6,2,Deep Learning,R,DATA Scientist
71,79,59,57,91,63,79,6,5,3,TensorFlow,PyTorch,DATA Scientist
90,88,80,75,79,82,67,7,5,8,C/C++,Oracle,Software Engineer
37,25,41,43,14,21,70,2,8,3,JavaScript,HTML/CSS,UI/UX
72,69,75,82,78,75,72,8,4,2,Linux,Python,Network Engineer
95,68,87,85,75,84,84,8,6,0,Python,BASH/SHELL,Network Engineer
83,60,78,80,68,73,70,7,4,2,Linux,Python,Network Engineer
57,77,74,49,40,45,58,3,7,5,GitHub,Angular,Web Developer
87,48,77,86,72,71,87,6,7,2,Cisco Packet Tracer,Python,Network Engineer
80,50,75,92,69,76,78,6,7,1,Cisco Packet Tracer,Linux,Network Engineer
84,76,60,66,94,60,61,6,5,3,Machine Learning,PyTorch,DATA Scientist
27,34,22,16,14,37,80,4,4,0,Java,HTML/CSS,Tech Support
78,86,56,55,90,63,66,7,6,4,R,TensorFlow,DATA Scientist
35,7,27,17,4,32,79,1,2,0,HTML/CSS,C/C++,Tech Support
65,83,70,38,23,35,49,5,9,9,GitHub,React,Web Developer
39,39,58,43,31,21,75,4,8,3,GitHub,HTML/CSS,UI/UX
45,71,59,56,94,51,76,6,7,2,Machine Learning,Oracle,Database Administrator
69,86,77,77,50,50,80,4,5,2,Oracle,Linux,Database Administrator
29,24,42,39,33,35,89,4,10,3,JavaScript,GitHub,UI/UX
78,69,84,86,84,68,77,8,5,0,BASH/SHELL,Python,Network Engineer
91,86,75,76,85,81,75,9,6,7,Python,JavaScript,Software Engineer
17,32,18,11,7,40,60,2,6,1,Python,C/C++,Tech Support
53,70,91,57,98,39,56,6,7,9,React,HTML/CSS,Web Developer
32,31,38,22,15,29,67,2,9,3,Photoshop,HTML/CSS,UI/UX
62,89,70,76,60,51,77,6,3,2,Oracle,MySQL,Database Administrator
34,30,13,31,11,33,67,2,4,0,Java,C/C++,Tech Support
88,68,75,94,83,67,84,5,4,0,Ansible,Python,Network Engineer
56,92,69,75,52,46,80,4,5,0,Oracle,C/C++,Database Administrator
42,50,35,24,25,37,78,3,7,4,Photoshop,Figma,UI/UX
15,30,37,26,8,15,56,5,9,5,Photoshop,Figma,UI/UX
32,20,38,44,33,26,65,4,8,5,Photoshop,JavaScript,UI/UX
76,65,90,89,81,76,83,7,6,0,BASH/SHELL,Wireshark,Network Engineer
23,21,42,22,12,23,59,2,9,5,JavaScript,Photoshop,UI/UX
82,75,57,64,92,84,73,9,6,2,PyTorch,Deep Learning,DATA Scientist
52,76,90,55,31,34,52,3,8,7,GitHub,Angular,Web Developer
77,76,70,67,98,66,61,6,4,2,Python,Machine Learning,DATA Scientist
85,66,87,82,82,83,78,5,4,0,Python,Ansible,Network Engineer
74,82,79,76,46,56,71,6,3,2,Oracle,Linux,Database Administrator
69,79,91,43,35,35,59,5,8,10,GitHub,JavaScript,Web Developer
46,27,55,49,30,35,71,4,8,5,JavaScript,Figma,UI/UX
90,87,89,80,70,84,83,9,5,4,Angular,Oracle,Software Engineer
21,26,35,30,21,16,82,3,6,0,C/C++,HTML/CSS,Tech Support
27,11,29,7,7,35,72,2,6,0,C/C++,Python,Tech Support
55,76,79,47,30,33,47,3,8,6,Angular,JavaScript,Web Developer
52,79,90,36,24,35,58,5,9,10,GitHub,Node.js,Web Developer
6,8,12,6,7,45,61,5,3,1,Python,HTML/CSS,Tech Support
26,31,7,8,11,18,77,4,2,0,HTML/CSS,C/C++,Tech Support
53,82,69,52,68,68,75,6,5,1,PyTorch,Linux,Database Administrator
8,22,30,25,5,38,60,3,2,1,Python,Java,Tech Support
71,71,64,56,81,80,74,6,7,4,Machine Learning,R,DATA Scientist
55,90,85,84,56,60,74,6,4,1,C/C++,Linux,Database Administrator
60,94,71,81,59,75,85,7,3,1,Oracle,C/C++,Database Administrator
65,79,72,53,19,48,59,3,7,8,GitHub,React,Web Developer
99,92,89,89,75,80,66,7,6,4,React,MySQL,Software Engineer
73,93,88,71,35,54,70,4,7,2,C/C++,Oracle,Database Administrator
77,86,87,89,85,86,75,10,6,5,HTML/CSS,Python,Software Engineer
74,90,72,69,58,61,74,5,3,1,C/C++,HTML/CSS,Database Administrator
52,38,33,38,19,27,62,1,9,3,Photoshop,Figma,UI/UX
41,27,33,42,24,19,78,4,9,3,Photoshop,HTML/CSS,UI/UX
54,64,70,82,52,74,71,10,6,0,Linux,Ansible,Network Engineer
97,85,85,89,71,90,61,7,5,5,Linux,Java,Software Engineer
63,89,82,66,48,73,73,4,5,0,C/C++,HTML/CSS,Database Administrator
75,79,83,77,81,90,68,7,6,6,Angular,Java,Software Engineer
84,62,90,81,81,83,80,8,4,0,Ansible,BASH/SHELL,Network Engineer
61,97,70,74,52,45,65,5,5,3,HTML/CSS,C/C++,Database Administrator
77,50,78,92,81,73,75,7,6,0,Wireshark,Ansible,Network Engineer
82,84,70,65,92,82,70,9,6,4,Machine Learning,TensorFlow,DATA Scientist
45,38,37,22,4,38,70,1,10,5,JavaScript,GitHub,UI/UX
25,12,17,12,12,19,67,5,3,1,Python,Java,Tech Support
81,88,75,58,85,73,64,7,6,3,R,Deep Learning,DATA Scientist
80,47,88,91,74,69,71,6,5,0,Python,BASH/SHELL,Network Engineer
85,80,69,62,91,64,71,9,5,4,PyTorch,TensorFlow,DATA Scientist
81,77,68,59,82,85,67,7,5,2,TensorFlow,Deep Learning,DATA Scientist
73,80,88,85,61,46,71,6,5,0,Oracle,C/C++,Database Administrator
65,79,94,50,44,31,57,4,7,10,React,HTML/CSS,Web Developer
22,36,30,33,18,23,74,4,9,5,Photoshop,Figma,UI/UX
73,75,56,60,90,63,72,6,6,1,PyTorch,TensorFlow,DATA Scientist
85,72,81,95,75,72,76,6,6,1,BASH/SHELL,Python,Network Engineer
81,47,83,96,72,74,89,8,7,0,Ansible,Linux,Network Engineer
15,19,31,16,1,37,70,4,6,0,C/C++,HTML/CSS,Tech Support
98,79,82,75,72,97,68,10,7,3,C/C++,Python,Software Engineer
43,48,59,35,21,33,69,1,9,3,GitHub,Figma,UI/UX
65,81,80,47,38,36,50,5,9,4,GitHub,HTML/CSS,Web Developer
7,20,14,10,20,31,73,2,5,1,Java,Python,Tech Support
77,48,75,93,82,83,77,8,5,0,Wireshark,Ansible,Network Engineer
23,13,26,33,22,45,80,1,5,1,HTML/CSS,C/C++,Tech Support
26,32,49,41,9,17,79,4,9,5,Photoshop,Figma,UI/UX
48,20,59,23,11,38,67,1,7,3,GitHub,Photoshop,UI/UX
13,20,30,7,3,18,66,5,3,0,Java,Python,Tech Support
48,24,55,22,6,30,76,4,8,3,JavaScript,Figma,UI/UX
63,88,73,54,25,31,52,3,7,6,React,Node.js,Web Developer
55,97,71,76,40,65,83,7,6,3,Oracle,HTML/CSS,Database Administrator
57,84,80,68,39,71,65,7,7,2,HTML/CSS,C/C++,Database Administrator
22,23,60,49,3,18,87,1,10,3,HTML/CSS,GitHub,UI/UX
23,44,35,23,28,27,86,3,8,4,Figma,Photoshop,UI/UX
96,77,82,88,77,98,67,8,6,7,Python,JavaScript,Software Engineer
77,72,84,95,80,76,90,8,4,1,Ansible,Cisco Packet Tracer,Network Engineer
15,10,20,34,8,32,77,4,5,1,HTML/CSS,Python,Tech Support
22,35,46,37,21,26,63,3,8,4,GitHub,JavaScript,UI/UX
49,22,41,26,7,28,61,1,8,3,JavaScript,Photoshop,UI/UX
82,74,59,64,81,67,76,6,6,3,Deep Learning,TensorFlow,DATA Scientist
48,50,41,48,3,30,86,4,7,4,GitHub,Photoshop,UI/UX
63,94,50,62,41,64,78,6,5,0,Python,MySQL,Database Administrator
88,75,82,78,84,86,74,8,6,4,Angular,Java,Software Engineer
83,83,57,68,88,75,64,7,7,4,Deep Learning,Python,DATA Scientist
72,70,83,89,78,78,70,6,4,1,Cisco Packet Tracer,Python,Network Engineer
28,23,6,28,2,20,59,5,4,1,Python,Java,Tech Support
82,63,87,100,74,68,74,7,4,2,Python,Ansible,Network Engineer
25,27,59,30,8,33,77,1,8,0,Photoshop,Linux,UI/UX
82,85,59,67,77,60,68,6,5,4,R,Deep Learning,DATA Scientist
83,46,75,97,76,69,79,7,7,1,Cisco Packet Tracer,BASH/SHELL,Network Engineer
95,77,75,86,85,92,69,8,5,5,HTML/CSS,C/C++,Software Engineer
58,78,75,75,49,65,72,6,7,3,Oracle,C/C++,Database Administrator
47,79,93,44,30,48,54,4,8,6,GitHub,JavaScript,Web Developer
85,72,76,96,81,71,90,5,6,1,Linux,Cisco Packet Tracer,Network Engineer
75,92,87,74,48,75,71,7,6,3,Linux,C/C++,Database Administrator
68,92,71,33,44,75,71,6,6,1,Oracle,C/C++,Database Administrator
72,70,59,67,98,81,74,8,7,2,R,Deep Learning,DATA Scientist
62,84,67,73,63,74,80,5,3,3,Linux,Oracle,Database Administrator
55,82,78,42,36,38,56,5,7,10,JavaScript,HTML/CSS,Web Developer
83,71,82,89,76,71,78,5,5,1,Ansible,BASH/SHELL,Network Engineer
58,86,62,60,5,65,65,5,5,1,Oracle,HTML/CSS,Database Administrator
67,82,71,70,40,54,78,7,7,1,C/C++,Oracle,Database Administrator
94,85,84,85,80,82,71,8,7,4,Angular,JavaScript,Software Engineer
25,39,38,44,31,21,62,4,7,4,GitHub,JavaScript,UI/UX
64,87,80,72,46,56,83,5,4,3,HTML/CSS,MySQL,Database Administrator
62,89,92,59,24,32,58,3,9,9,HTML/CSS,Angular,Web Developer
66,92,86,63,46,45,80,5,3,1,Oracle,C/C++,Database Administrator
30,28,45,50,15,34,64,3,7,5,GitHub,JavaScript,UI/UX
76,69,83,94,74,75,90,5,4,0,Ansible,BASH/SHELL,Network Engineer
77,70,69,61,79,81,72,6,5,3,TensorFlow,Python,DATA Scientist
83,76,63,69,75,78,65,8,6,1,PyTorch,Machine Learning,DATA Scientist
85,77,61,61,75,85,66,9,6,4,PyTorch,TensorFlow,DATA Scientist
64,94,65,60,35,72,73,7,5,2,Oracle,HTML/CSS,Database Administrator
85,59,85,86,70,84,88,5,5,0,Python,BASH/SHELL,Network Engineer
81,89,55,64,80,70,69,7,7,1,R,Deep Learning,DATA Scientist
87,47,84,94,83,79,86,6,5,0,Wireshark,Python,Network Engineer
81,83,60,61,85,65,63,8,7,4,R,Deep Learning,DATA Scientist
62,88,84,82,48,74,78,6,5,3,Linux,HTML/CSS,Database Administrator
24,29,53,20,27,27,76,1,8,5,HTML/CSS,JavaScript,UI/UX
70,85,68,64,77,63,61,9,4,2,Deep Learning,PyTorch,DATA Scientist
77,70,82,99,81,75,82,6,5,0,Wireshark,Python,Network Engineer
73,67,87,82,80,78,89,8,7,0,BASH/SHELL,Python,Network Engineer
52,49,54,28,0,14,64,3,8,5,Figma,HTML/CSS,UI/UX
79,80,72,66,79,66,61,9,4,1,PyTorch,Deep Learning,DATA Scientist
72,67,80,80,82,80,74,6,7,0,BASH/SHELL,Ansible,Network Engineer
82,13,58,62,89,61,85,7,7,2,Python,Deep Learning,DATA Scientist
10,31,7,33,4,15,76,3,6,1,Java,Python,Tech Support
67,85,84,57,37,30,51,5,8,8,GitHub,Node.js,Web Developer
34,25,54,21,31,14,55,2,10,5,Figma,JavaScript,UI/UX
72,73,86,84,73,72,77,8,5,1,Python,Ansible,Network Engineer
86,56,83,86,74,80,82,7,6,1,Python,Wireshark,Network Engineer
91,81,87,81,77,94,75,10,7,3,React,Oracle,Software Engineer
75,92,81,71,63,54,77,7,5,0,HTML/CSS,Linux,Database Administrator
8,18,16,12,17,40,65,5,6,0,HTML/CSS,C/C++,Tech Support
74,80,70,59,82,63,64,8,4,1,Deep Learning,Python,DATA Scientist
61,87,81,39,21,33,60,3,9,9,HTML/CSS,Node.js,Web Developer
50,46,78,85,46,57,85,7,4,0,Linux,C/C++,Database Administrator
15,13,9,26,18,45,78,1,6,0,Python,C/C++,Tech Support
6,52,61,16,1,45,74,3,5,1,Python,HTML/CSS,Tech Support
30,27,28,35,14,16,58,5,2,1,Python,C/C++,Tech Support
61,75,71,50,28,40,45,3,8,5,JavaScript,Angular,Web Developer
98,86,81,89,81,92,67,7,6,7,React,Angular,Software Engineer
82,78,66,58,88,71,67,9,6,1,Python,Deep Learning,DATA Scientist
59,99,82,81,42,67,70,4,6,2,HTML/CSS,C/C++,Database Administrator
8,5,7,24,8,29,67,4,4,0,Java,HTML/CSS,Tech Support
88,79,87,87,78,96,71,8,5,4,MySQL,React,Software Engineer
35,5,9,16,15,31,80,4,5,1,C/C++,Java,Tech Support
30,19,22,25,13,43,79,5,5,0,Python,C/C++,Tech Support
58,90,70,69,49,54,73,5,4,1,HTML/CSS,MySQL,Database Administrator
60,83,73,62,45,54,69,7,5,0,HTML/CSS,MySQL,Database Administrator
87,54,80,82,74,68,72,6,6,0,Python,BASH/SHELL,Network Engineer
82,77,84,88,83,95,71,9,6,7,Python,C/C++,Software Engineer
32,22,32,5,15,39,76,5,6,0,Java,C/C++,Tech Support
73,60,78,89,83,85,83,7,5,0,BASH/SHELL,Ansible,Network Engineer
42,78,63,48,87,20,65,9,6,4,TensorFlow,JavaScript,DATA Scientist
85,70,55,56,78,80,60,9,6,3,Machine Learning,PyTorch,DATA Scientist
79,76,62,70,85,84,79,6,5,4,Machine Learning,PyTorch,DATA Scientist
62,89,72,72,20,65,88,6,6,2,Oracle,JavaScript,Database Administrator
84,86,78,88,76,91,61,8,6,6,HTML/CSS,C/C++,Software Engineer
72,74,68,62,97,60,60,7,7,1,Python,TensorFlow,DATA Scientist
86,77,83,76,78,89,71,10,6,3,C/C++,JavaScript,Software Engineer
47,86,79,52,36,47,53,5,9,5,React,JavaScript,Web Developer
30,38,32,32,16,25,80,1,7,3,JavaScript,GitHub,UI/UX
71,47,79,81,94,64,71,6,6,4,HTML/CSS,Linux,Network Engineer
77,52,79,94,67,78,75,8,5,2,Cisco Packet Tracer,Linux,Network Engineer
83,88,77,59,46,14,81,7,6,0,C/C++,Angular,Web Developer
8,15,14,25,2,34,70,5,4,1,HTML/CSS,Java,Tech Support
59,85,73,56,19,45,44,5,7,4,Angular,React,Web Developer
39,46,45,47,3,35,65,4,10,4,HTML/CSS,GitHub,UI/UX
35,5,13,20,17,45,55,3,5,1,Python,Java,Tech Support
84,59,81,83,78,72,75,5,6,2,Ansible,Cisco Packet Tracer,Network Engineer
24,5,25,9,14,21,59,2,4,0,HTML/CSS,Java,Tech Support
52,72,69,67,55,68,80,7,5,3,Deep Learning,Python,DATA Scientist
70,84,68,60,45,71,69,5,7,1,Oracle,HTML/CSS,Database Administrator
72,74,63,67,98,60,78,8,6,3,Python,R,DATA Scientist
77,69,87,97,75,73,72,6,6,2,Ansible,Python,Network Engineer
25,23,37,34,8,15,71,1,8,4,JavaScript,Figma,UI/UX
62,82,85,82,35,55,80,5,6,2,C/C++,Oracle,Database Administrator
84,58,83,86,67,71,73,5,5,0,Python,Ansible,Network Engineer
52,83,79,39,27,37,49,3,7,7,HTML/CSS,React,Web Developer
63,94,75,71,65,64,81,7,7,2,HTML/CSS,Oracle,Database Administrator
62,82,80,69,35,50,83,7,5,0,HTML/CSS,Linux,Database Administrator
12,24,27,26,13,27,84,1,3,0,HTML/CSS,C/C++,Tech Support
32,94,76,75,12,46,61,2,9,3,HTML/CSS,Oracle,Web Developer
75,74,74,67,94,67,73,8,4,3,Deep Learning,TensorFlow,DATA Scientist
86,57,77,85,73,81,72,7,5,0,Ansible,Linux,Network Engineer
84,90,88,75,73,86,62,10,6,3,Angular,Linux,Software Engineer
7,86,43,93,79,97,65,7,6,4,React,Linux,Software Engineer
50,41,44,38,35,23,79,3,9,3,Figma,HTML/CSS,UI/UX
85,88,84,79,72,91,65,10,6,6,React,C/C++,Software Engineer
82,84,67,55,99,70,67,6,4,2,R,Deep Learning,DATA Scientist
48,34,43,29,7,28,61,3,8,10,Figma,JavaScript,UI/UX
80,78,58,63,94,79,78,7,7,1,PyTorch,R,DATA Scientist
66,98,88,85,42,66,83,6,5,1,Linux,Oracle,Database Administrator
56,89,81,37,43,39,40,4,7,9,Node.js,HTML/CSS,Web Developer
93,85,88,90,74,95,64,9,7,4,Oracle,HTML/CSS,Software Engineer
72,93,83,78,64,53,72,6,6,2,Oracle,Linux,Database Administrator
32,35,11,27,17,37,79,2,3,0,C/C++,Python,Tech Support
75,81,76,77,77,94,66,7,5,7,Java,Linux,Software Engineer
59,76,74,36,39,42,40,5,8,7,React,GitHub,Web Developer
9,12,29,27,25,24,67,5,5,0,HTML/CSS,Java,Tech Support
53,85,86,40,43,49,47,3,7,8,Angular,React,Web Developer
62,97,74,84,35,72,76,6,7,0,Linux,MySQL,Database Administrator
74,77,74,65,86,68,73,9,7,1,Machine Learning,Python,DATA Scientist
91,86,78,89,76,89,62,7,6,8,C/C++,Java,Software Engineer
53,82,71,28,35,30,43,5,9,10,HTML/CSS,GitHub,Web Developer
61,89,86,60,54,52,67,4,3,3,MySQL,HTML/CSS,Database Administrator
47,88,84,43,42,40,44,4,8,8,HTML/CSS,Node.js,Web Developer
56,40,6,67,64,54,90,8,5,1,Linux,Linux,Database Administrator
74,49,80,98,79,74,90,8,4,1,Wireshark,BASH/SHELL,Network Engineer
76,86,84,90,78,85,62,9,7,7,React,MySQL,Software Engineer
60,86,84,45,28,46,49,6,8,4,Angular,JavaScript,Web Developer
38,37,55,46,15,31,88,4,9,3,JavaScript,HTML/CSS,UI/UX
38,38,35,31,20,39,81,3,7,5,GitHub,Photoshop,UI/UX
73,79,66,63,78,65,73,7,5,1,PyTorch,Deep Learning,DATA Scientist
62,81,69,76,42,59,72,6,5,1,Linux,MySQL,Database Administrator
63,78,82,41,32,48,45,4,9,5,GitHub,React,Web Developer
96,80,75,86,75,86,72,10,5,4,Angular,Java,Software Engineer
70,85,67,65,95,83,74,7,6,3,R,PyTorch,DATA Scientist
28,32,57,21,7,32,76,1,8,4,JavaScript,Photoshop,UI/UX
72,89,88,71,39,47,82,5,3,2,MySQL,HTML/CSS,Database Administrator
68,91,18,32,11,41,52,4,9,5,JavaScript,GitHub,Web Developer
77,75,85,90,78,95,75,10,6,7,HTML/CSS,React,Software Engineer
32,8,14,13,10,16,80,4,2,0,C/C++,Java,Tech Support
72,72,66,59,86,67,79,7,4,3,R,TensorFlow,DATA Scientist
85,82,62,66,99,77,66,9,7,3,R,PyTorch,DATA Scientist
82,85,80,83,71,94,72,9,6,4,Angular,Java,Software Engineer
85,89,70,56,91,72,63,8,5,1,Machine Learning,R,DATA Scientist
20,9,19,27,18,20,76,3,3,0,HTML/CSS,C/C++,Tech Support
66,76,92,42,20,47,58,4,9,5,Angular,GitHub,Web Developer
62,96,81,67,57,61,85,7,3,3,Linux,C/C++,Database Administrator
70,79,56,64,89,67,65,6,7,3,Deep Learning,PyTorch,DATA Scientist
63,95,78,68,46,66,77,7,5,3,C/C++,HTML/CSS,Database Administrator
21,7,15,32,16,28,80,4,2,1,Python,HTML/CSS,Tech Support
62,78,81,38,25,39,54,6,9,10,GitHub,JavaScript,Web Developer
69,84,84,50,34,37,59,3,7,9,JavaScript,GitHub,Web Developer
70,77,77,39,16,38,41,6,7,5,GitHub,Angular,Web Developer
14,13,30,82,8,21,80,5,5,0,HTML/CSS,Java,Tech Support
83,78,82,82,72,89,61,7,7,8,React,Angular,Software Engineer
80,77,79,89,78,90,70,7,6,4,C/C++,Linux,Software Engineer
76,78,55,60,83,83,76,9,5,2,Deep Learning,Machine Learning,DATA Scientist
51,88,83,32,45,51,79,5,7,7,React,Angular,Web Developer
75,92,76,76,78,98,65,9,5,4,Oracle,JavaScript,Software Engineer
50,29,41,32,1,17,79,3,8,4,Figma,GitHub,UI/UX
26,20,19,5,14,40,81,5,5,1,Python,Java,Tech Support
34,20,50,24,19,16,70,1,9,3,HTML/CSS,GitHub,UI/UX
42,29,49,20,33,23,84,1,10,5,Photoshop,HTML/CSS,UI/UX
96,86,86,78,74,81,66,8,5,8,React,Oracle,Software Engineer
33,12,9,34,3,35,85,4,5,0,C/C++,HTML/CSS,Tech Support
72,56,80,93,74,84,83,8,6,2,Python,Ansible,Network Engineer
36,36,57,35,26,21,88,2,10,4,Photoshop,JavaScript,UI/UX
7,10,24,26,24,22,80,2,5,0,Python,HTML/CSS,Tech Support
73,83,72,65,43,52,75,5,6,3,C/C++,HTML/CSS,Database Administrator
58,99,81,85,44,64,80,5,5,2,MySQL,C/C++,Database Administrator
50,45,58,38,4,40,80,4,9,4,JavaScript,Figma,UI/UX
25,97,69,68,63,58,68,6,5,3,MySQL,Python,Database Administrator
41,50,46,22,0,28,61,4,10,5,GitHub,Photoshop,UI/UX
12,34,24,31,0,29,61,4,4,0,HTML/CSS,Java,Tech Support
70,72,56,65,83,75,75,8,7,4,TensorFlow,R,DATA Scientist
57,89,68,75,43,67,80,4,4,0,MySQL,HTML/CSS,Database Administrator
93,77,90,85,71,96,76,8,6,6,React,MySQL,Software Engineer
75,84,62,62,95,82,73,6,5,2,Python,TensorFlow,DATA Scientist
50,92,82,82,32,71,73,6,5,0,C/C++,MySQL,Database Administrator
70,76,70,58,17,39,42,6,9,9,Angular,GitHub,Web Developer
70,92,87,80,48,60,73,4,5,1,C/C++,HTML/CSS,Database Administrator
69,81,74,48,23,50,52,6,7,9,JavaScript,HTML/CSS,Web Developer
58,52,92,42,26,38,67,4,8,3,Python,Figma,UI/UX
53,82,82,58,31,47,40,4,8,6,JavaScript,React,Web Developer
72,77,74,59,90,63,80,9,6,4,TensorFlow,Deep Learning,DATA Scientist
70,32,48,33,3,33,75,4,10,1,JavaScript,Photoshop,UI/UX
11,39,45,39,28,14,67,4,2,5,HTML/CSS,Figma,UI/UX
60,80,94,40,45,38,49,6,8,10,React,GitHub,Web Developer
47,88,77,57,28,35,56,6,9,9,Angular,Node.js,Web Developer
59,80,72,78,61,67,70,7,4,0,HTML/CSS,Oracle,Database Administrator
57,81,67,62,39,70,74,4,7,3,MySQL,Linux,Database Administrator
17,27,5,28,18,24,62,3,4,1,Python,C/C++,Tech Support
78,88,56,69,97,71,77,7,7,4,Machine Learning,Deep Learning,DATA Scientist
84,74,57,70,84,78,71,8,6,4,Machine Learning,Deep Learning,DATA Scientist
78,70,71,56,93,80,61,7,6,4,PyTorch,Deep Learning,DATA Scientist
86,82,84,88,81,87,65,8,5,5,Linux,MySQL,Software Engineer
67,90,91,55,30,32,56,5,7,5,GitHub,Node.js,Web Developer
85,70,62,63,86,62,75,7,4,1,R,TensorFlow,DATA Scientist
77,56,77,93,83,80,79,8,6,2,Linux,Wireshark,Network Engineer
83,75,65,69,88,74,62,8,6,2,Machine Learning,R,DATA Scientist
57,90,84,68,54,48,72,5,4,3,HTML/CSS,Oracle,Database Administrator
75,70,67,58,75,81,78,6,5,3,TensorFlow,PyTorch,DATA Scientist
31,8,34,24,0,26,65,5,5,1,C/C++,Java,Tech Support
58,90,70,59,37,38,60,6,7,4,React,Node.js,Web Developer
88,48,78,91,70,81,73,5,6,0,BASH/SHELL,Cisco Packet Tracer,Network Engineer
11,21,29,14,8,15,67,1,2,1,HTML/CSS,Java,Tech Support
63,86,88,57,40,30,49,5,7,7,Node.js,GitHub,Web Developer
32,79,53,23,11,35,77,4,9,3,Photoshop,JavaScript,UI/UX
16,28,6,7,18,33,67,3,4,1,C/C++,HTML/CSS,Tech Support
83,29,60,6,82,80,68,6,6,0,TensorFlow,Python,DATA Scientist
68,82,85,76,49,61,80,6,5,0,MySQL,Oracle,Database Administrator
72,45,84,84,78,81,84,8,6,2,Python,Ansible,Network Engineer
70,86,75,74,36,58,83,6,7,0,MySQL,Oracle,Database Administrator
98,79,77,80,84,94,75,10,7,5,Oracle,JavaScript,Software Engineer
67,82,77,60,36,69,68,7,3,0,Oracle,C/C++,Database Administrator
86,65,85,92,62,70,70,5,5,0,Python,BASH/SHELL,Network Engineer
21,15,9,21,13,23,80,4,6,1,Java,C/C++,Tech Support
81,75,90,83,72,98,71,7,6,8,Angular,Linux,Software Engineer
24,32,5,21,17,18,82,5,6,1,HTML/CSS,C/C++,Tech Support
83,90,79,75,79,94,63,7,6,5,Oracle,Java,Software Engineer
72,48,76,90,72,70,76,6,5,1,Ansible,Python,Network Engineer
29,26,33,40,26,25,58,3,9,5,HTML/CSS,Figma,UI/UX
84,48,88,99,79,80,88,5,6,2,Linux,Python,Network Engineer
35,37,59,29,33,39,75,3,7,5,GitHub,HTML/CSS,UI/UX
29,30,21,13,12,18,81,1,5,0,Java,C/C++,Tech Support
23,88,51,38,21,47,80,4,5,1,JavaScript,HTML/CSS,Web Developer
28,32,45,35,10,23,85,3,10,3,Photoshop,Figma,UI/UX
48,45,53,22,13,35,70,4,8,4,Photoshop,JavaScript,UI/UX
46,20,48,40,12,40,55,1,10,3,Figma,Photoshop,UI/UX
96,74,74,96,80,93,74,9,3,1,Deep Learning,PyTorch,DATA Scientist
83,61,87,97,85,70,87,5,6,1,BASH/SHELL,Python,Network Engineer
11,32,34,14,23,28,56,5,5,0,Java,C/C++,Tech Support
71,84,67,65,37,46,77,5,7,0,HTML/CSS,Linux,Database Administrator
74,87,65,64,78,74,60,9,7,1,R,Python,DATA Scientist
62,84,76,58,16,30,42,5,9,8,React,HTML/CSS,Web Developer
77,90,64,56,88,71,74,6,6,1,PyTorch,R,DATA Scientist
78,60,87,85,84,77,72,8,7,0,Python,Ansible,Network Engineer
92,84,78,77,82,84,70,8,6,4,C/C++,Java,Software Engineer
76,64,89,84,67,73,89,6,6,1,BASH/SHELL,Cisco Packet Tracer,Network Engineer
56,46,71,82,72,89,85,10,6,1,Python,Ansible,Network Engineer
92,83,81,81,70,84,62,10,6,7,Angular,HTML/CSS,Software Engineer
63,86,70,67,40,64,76,8,5,3,Oracle,MySQL,Database Administrator
16,28,19,11,4,43,78,5,6,0,HTML/CSS,Python,Tech Support
47,78,77,48,44,30,60,4,7,7,Node.js,Angular,Web Developer
64,91,73,74,45,47,82,7,7,3,C/C++,Linux,Database Administrator
96,78,81,85,78,98,70,8,6,5,Python,MySQL,Software Engineer
31,77,62,67,85,67,67,7,6,3,PyTorch,Machine Learning,DATA Scientist
>>>>>>> 6171eee1714649c7c588ba8a17da7ecb0b264b5a
51,50,32,40,34,23,79,2,10,5,GitHub,Photoshop,UI/UX